Timestamp,Age,Gender,Specialization,Designation,Little interest or pleasure in doing things,"Feeling down, depressed, or hopeless","Trouble falling or staying asleep, or sleeping too much",Feeling tired or having little energy,Poor appetite or overeating,Feeling bad about yourself - or that you are failure or have let yourself or your family down,"Trouble concentrating on things, such as reading the newspaper or watching television",Moving or speaking so slowly that other people could have noticed. Or the opposite — being so fidgety or restless that you have been moving around a lot more than usual,"Thoughts that you would be better off dead, or hurting yourself in some way","Feeling nervous, anxious, or on edge",Not being able to stop or control worrying,Worrying too much about different things,Trouble relaxing,Being so restless that it’s hard to sit still,Being easily annoyed or irritable,Feeling afraid as if something awful might happen,I have experienced embarrassment from these instances.,My involvement in these types of instances has made me fearful of future occurences.,My experiences have made me feel miserable.,I feel deep remorse/ guilt for my past involvements in these types of events.,The mental weight of my experience is exhausting,My experience with these occurrences can make it hard to sleep regular,The stress from these situations has made me feel queasy or nauseous.,Thinking about these situations can make it difficult to have an appetite,I have had bad dreams as a result of these situations,My colleagues can be indifferent to the impact these situations have had on me.,My colleagues help me feel that I am still a good healthcare provider despite mistakes I have made.,My colleagues no longer trust me.,My professional reputation has been damaged because of these situations.,I feel that my supervisor treats me appropriately after these occasions.,My supervisor's responses are fair,My supervisor blames individually,I feel that my supervisor evaluates these situations in a manner that considers the complexity of patient care practices.,My organisation understands that those involved may need help to process and resolve any effects they may have on care providers.,My organisation offers a variety of resources to help get me over the effects of involvement with these instances.,Concern for the well being of those involved in these situations is not strong at my organisation.,Following my involvement I experienced feeling of inadequacy regarding my patient care abilities.,My experience makes me wonder if I am not really a good healthcare provider.,"After my experience, I became afraid to attempt difficult or high risk procedures.",These situations have negatively affected my performance at work.,My experience with these events has led me to a desire to take a position outside of patient care.,Sometimes the stress from being involved with these situations makes me want to quit my job.,I have started to ask around about other job opportunities.,I plan to leave my job in the next 6 months because of my experience with events.,My experience with an adverse patient event or error has resulted in me taking a mental health day.,I have taken time off after one of these instances occur.,"When I am at work, I am distracted and not 100% present because of my involvement in these situations.","Because of these situations, I have become more attentive to my work.",These situations have caused me to improve the quality of my care.,My experience with an adverse patient event or error has resulted in postitive changes in procedures or care on our unit.,I have grown as a professional as a result of an adverse patient event or error.,The ability to immediately take time away from my unit for a little while.,A specified peaceful location that is available to recover and recompose after one of these types of events.,A respected peer to discuss the details of what happened.,An employee assistance program that can provide free counselling to employees outside of work,A discussion with my manager or supervisor about the incident.,The opportunity to schedule a time with a counselor at my hospital to discuss the event,A confidential way to get in touch with someone 24 hours a day to discuss how my experience may be affecting me.,I always find new and interesting aspects in my work.,There are days when I feel tired before I arrive at work.,It happens more and more often that I talk about my work in a negative way,"After work, I tend to need more time than in the past in order to relax and feel better.",I can tolerate the pressure of my work very well,"Lately, I tend to think less at work and almost work mechanically",I find my work to be a positive challenge.,"During my work, I often feel emotionally drained.","Over time, one can become disconnected from this type of work.","After working, I have enough energy for my leisure activities.",Sometimes I feel sickened by my work task.,This is the only type of work that I can imagine myself doing.,"After my work, I usually feel worn out and weary","Usually, I can manage the amount of my work well.",I feel more and more engaged in my work.,"When I work, I usually feel energized",item_05_score,item_06_score,item_07_score,item_08_score,item_09_score,item_10_score,item_11_score,item_12_score,item_13_score,item_14_score,item_15_score,item_16_score,item_17_score,item_18_score,item_19_score,item_20_score,item_21_score,item_22_score,item_23_score,item_24_score,item_25_score,item_26_score,item_27_score,item_28_score,item_29_score,item_30_score,item_31_score,item_32_score,item_33_score,item_34_score,item_35_score,item_36_score,item_37_score,item_38_score,item_39_score,item_40_score,item_41_score,item_42_score,item_43_score,item_44_score,item_45_score,item_46_score,item_47_score,item_48_score,item_49_score,item_50_score,item_51_score,item_52_score,item_53_score,item_54_score,item_55_score,item_56_score,item_57_score,item_58_score,item_59_score,item_60_score,item_61_score,item_62_score,item_63_score,item_64_score,item_65_score,item_66_score,item_67_score,item_68_score,item_69_score,item_70_score,item_71_score,item_72_score,item_73_score,item_74_score,item_75_score,item_76_score,item_77_score,item_78_score,PHQ9_Total,GAD7_Total,SV_Emotional_Total,Peer_Support_Total,Supervisor_Support_Total,Org_Support_Total,Performance_Impact_Total,Intent_Leave_Total,Work_Withdrawal_Total,Professional_Growth_Total,Resource_Need_Total,Burnout_Total,PHQ9_Category,PHQ9_ModeratePlus,GAD7_Category,GAD7_ModeratePlus,Specialization_Missing_Flag,PHQ9_Total_Original,PHQ9_Total_Missing_Items,PHQ9_Total_Imputed_Flag,GAD7_Total_Original,GAD7_Total_Missing_Items,GAD7_Total_Imputed_Flag,SV_Emotional_Total_Original,SV_Emotional_Total_Missing_Items,SV_Emotional_Total_Imputed_Flag,Peer_Support_Total_Original,Peer_Support_Total_Missing_Items,Peer_Support_Total_Imputed_Flag,Supervisor_Support_Total_Original,Supervisor_Support_Total_Missing_Items,Supervisor_Support_Total_Imputed_Flag,Org_Support_Total_Original,Org_Support_Total_Missing_Items,Org_Support_Total_Imputed_Flag,Performance_Impact_Total_Original,Performance_Impact_Total_Missing_Items,Performance_Impact_Total_Imputed_Flag,Intent_Leave_Total_Original,Intent_Leave_Total_Missing_Items,Intent_Leave_Total_Imputed_Flag,Work_Withdrawal_Total_Original,Work_Withdrawal_Total_Missing_Items,Work_Withdrawal_Total_Imputed_Flag,Professional_Growth_Total_Original,Professional_Growth_Total_Missing_Items,Professional_Growth_Total_Imputed_Flag,Resource_Need_Total_Original,Resource_Need_Total_Missing_Items,Resource_Need_Total_Imputed_Flag,Burnout_Total_Original,Burnout_Total_Missing_Items,Burnout_Total_Imputed_Flag
2026-04-01 12:04:06,31,Male,Orthopaedics,Senior Resident,More than half the days,Several days,Nearly everyday,Nearly everyday,Nearly everyday,More than half the days,Several days,Several days,Not at all,Not at all,Over the half days,Over the half days,Over the half days,Several days,Several days,Several days,Strongly Agree,Agree,Agree,Agree,Agree,Agree,Agree,Neutral,Neutral,Agree,Agree,Disagree,Disagree,Agree,Agree,Neutral,Agree,Agree,Agree,Disagree,Agree,Neutral,Neutral,Agree,Neutral,Disagree,Disagree,Disagree,Agree,Agree,Agree,Agree,Agree,Agree,Strongly Agree,Strongly Desired,Strongly Desired,Strongly Desired,Strongly Desired,Strongly Desired,Strongly Desired,Strongly Desired,Agree,Agree,Agree,Agree,Neutral,Neutral,Agree,Agree,Agree,Neutral,Agree,Disagree,Agree,Neutral,Agree,Agree,2,1,3.0,3.0,3,2,1,1,0,0,2,2,2,1,1.0,1,5,4,4,4,4.0,4,4,3,3.0,2.0,4.0,4.0,4.0,4.0,4.0,3.0,4.0,4.0,4.0,4.0,4.0,3.0,3.0,4.0,3.0,2.0,2.0,2.0,4.0,4.0,4.0,4.0,4.0,4.0,5.0,5.0,5.0,5.0,5.0,5.0,5.0,5.0,2.0,4.0,4.0,4.0,3.0,3.0,2.0,4.0,4.0,3.0,4.0,4.0,4.0,3.0,2.0,2.0,16.0,9.0,3.888888888888889,3.5,3.75,4.0,3.5,2.25,4.0,4.25,5.0,3.25,Moderately severe,Yes,Mild,No,,16.0,0,,9.0,0,,3.888888888888889,0,,3.5,0,,3.75,0,,4.0,0,,3.5,0,,2.25,0,,4.0,0,,4.25,0,,5.0,0,,3.25,0,
2026-04-02 10:59:53,28,Female,Not specified,Nurse,Not at all,Not at all,Not at all,Not at all,Not at all,Not at all,Not at all,Not at all,Not at all,Not at all,Not at all,Not at all,Not at all,Not at all,Not at all,Not at all,Agree,Agree,Agree,Agree,Agree,Agree,Agree,Agree,Agree,Agree,Agree,Agree,Agree,Agree,Agree,Agree,Agree,Agree,Agree,Agree,Agree,Agree,Agree,Agree,Agree,Agree,Agree,Neutral,Agree,Agree,Agree,Agree,Agree,Agree,Agree,Desired,Desired,Desired,Desired,Desired,Desired,Desired,Agree,Agree,Neutral,Agree,Agree,Agree,Agree,Agree,Strongly agree,Neutral,Agree,Neutral,Agree,Neutral,Agree,Agree,0,0,0.0,0.0,0,0,0,0,0,0,0,0,0,0,0.0,0,4,4,4,4,4.0,4,4,4,4.0,2.0,4.0,2.0,2.0,4.0,4.0,2.0,4.0,4.0,4.0,2.0,4.0,4.0,4.0,4.0,4.0,4.0,4.0,3.0,4.0,4.0,4.0,4.0,4.0,4.0,4.0,4.0,4.0,4.0,4.0,4.0,4.0,4.0,2.0,4.0,3.0,4.0,2.0,4.0,2.0,4.0,5.0,3.0,4.0,3.0,4.0,3.0,2.0,2.0,0.0,0.0,4.0,2.5,3.5,3.3333333333333335,4.0,3.75,4.0,4.0,4.0,3.1875,Minimal,No,Minimal,No,Missing in source,0.0,0,,0.0,0,,4.0,0,,2.5,0,,3.5,0,,3.3333333333333335,0,,4.0,0,,3.75,0,,4.0,0,,4.0,0,,4.0,0,,3.1875,0,
2026-04-02 11:13:26,34,Male,Neurosurgery,Senior Resident,Not at all,Not at all,Not at all,Not at all,Not at all,Not at all,Not at all,Not at all,Not at all,Not at all,Not at all,Not at all,Not at all,Not at all,Not at all,Not at all,Neutral,Agree,Neutral,Neutral,Neutral,Disagree,Strongly Disagree,Strongly Disagree,Strongly Disagree,Neutral,Agree,Disagree,Disagree,Agree,Agree,Agree,Agree,Agree,Agree,Neutral,Disagree,Strongly Disagree,Strongly Disagree,Strongly Disagree,Strongly Disagree,Strongly Disagree,Strongly Disagree,Strongly Disagree,Strongly Disagree,Strongly Disagree,Strongly Disagree,Agree,Agree,Agree,Agree,Neutral,Neutral,Desired,Neutral,Desired,Neutral,Desired,Agree,Disagree,Disagree,Disagree,Agree,Neutral,Neutral,Disagree,Strongly Disagree,Neutral,Neutral,Agree,Neutral,Agree,Agree,Agree,0,0,0.0,0.0,0,0,0,0,0,0,0,0,0,0,0.0,0,3,4,3,3,3.0,2,1,1,1.0,3.0,4.0,4.0,4.0,4.0,4.0,2.0,4.0,4.0,4.0,3.0,2.0,1.0,1.0,1.0,1.0,1.0,1.0,1.0,1.0,1.0,1.0,4.0,4.0,4.0,4.0,3.0,3.0,4.0,3.0,4.0,3.0,4.0,2.0,2.0,2.0,2.0,2.0,3.0,3.0,2.0,1.0,3.0,3.0,2.0,3.0,2.0,2.0,2.0,0.0,0.0,2.3333333333333335,3.75,3.5,3.6666666666666665,1.25,1.0,1.0,4.0,3.4285714285714284,2.25,Minimal,No,Minimal,No,,0.0,0,,0.0,0,,2.3333333333333335,0,,3.75,0,,3.5,0,,3.6666666666666665,0,,1.25,0,,1.0,0,,1.0,0,,4.0,0,,3.4285714285714284,0,,2.25,0,
2026-04-02 11:29:25,28,Female,CTVS,Senior Resident,More than half the days,Several days,Nearly everyday,Nearly everyday,Nearly everyday,More than half the days,Several days,More than half the days,Not at all,Over the half days,Several days,Several days,Over the half days,Several days,Nearly everyday,Not at all,Neutral,Agree,Agree,Agree,Strongly Agree,Agree,Disagree,Disagree,Disagree,Neutral,Neutral,Disagree,Disagree,Neutral,Neutral,Neutral,Agree,Neutral,Disagree,Strongly Agree,Neutral,Disagree,Neutral,Agree,Agree,Agree,Neutral,Disagree,Agree,Agree,Agree,Agree,Disagree,Neutral,Neutral,Strongly Desired,Desired,Desired,Neutral,Desired,Desired,Desired,Agree,Agree,Agree,Agree,Neutral,Neutral,Agree,Agree,Agree,Disagree,Agree,Neutral,Agree,Agree,Agree,Neutral,2,1,3.0,3.0,3,2,1,2,0,2,1,1,2,1,3.0,0,3,4,4,4,5.0,4,2,2,2.0,3.0,3.0,4.0,4.0,3.0,3.0,3.0,4.0,3.0,2.0,1.0,3.0,2.0,3.0,4.0,4.0,4.0,3.0,2.0,4.0,4.0,4.0,4.0,2.0,3.0,3.0,5.0,4.0,4.0,3.0,4.0,4.0,4.0,2.0,4.0,4.0,4.0,3.0,3.0,2.0,4.0,4.0,4.0,4.0,3.0,4.0,2.0,2.0,3.0,17.0,10.0,3.3333333333333335,3.5,3.25,2.0,3.0,3.25,4.0,3.0,4.0,3.25,Moderately severe,Yes,Moderate,Yes,,17.0,0,,10.0,0,,3.3333333333333335,0,,3.5,0,,3.25,0,,2.0,0,,3.0,0,,3.25,0,,4.0,0,,3.0,0,,4.0,0,,3.25,0,
2026-04-02 11:36:56,25,Male,ENT,Post Graduate,Not at all,Not at all,Not at all,Several days,Not at all,Not at all,Not at all,Not at all,Not at all,Not at all,Not at all,Not at all,Several days,Not at all,Not at all,Not at all,Disagree,Disagree,Disagree,Disagree,Disagree,Disagree,Disagree,Strongly Disagree,Strongly Disagree,Disagree,Neutral,Disagree,Strongly Disagree,Agree,Agree,Disagree,Neutral,Disagree,Disagree,Agree,Disagree,Disagree,Strongly Disagree,Disagree,Strongly Disagree,Strongly Disagree,Strongly Disagree,Strongly Disagree,Strongly Disagree,Strongly Disagree,Strongly Disagree,Neutral,Neutral,Neutral,Neutral,Neutral,Not desired,Neutral,Desired,Neutral,Not desired,Neutral,Agree,Neutral,Neutral,Neutral,Agree,Neutral,Agree,Disagree,Disagree,Agree,Disagree,Neutral,Disagree,Agree,Neutral,Agree,0,0,0.0,1.0,0,0,0,0,0,0,0,0,1,0,0.0,0,2,2,2,2,2.0,2,2,1,1.0,4.0,3.0,4.0,5.0,4.0,4.0,4.0,3.0,2.0,2.0,2.0,2.0,2.0,1.0,2.0,1.0,1.0,1.0,1.0,1.0,1.0,1.0,3.0,3.0,3.0,3.0,3.0,2.0,3.0,4.0,3.0,2.0,3.0,2.0,3.0,3.0,3.0,2.0,3.0,2.0,2.0,2.0,2.0,2.0,3.0,2.0,2.0,3.0,2.0,1.0,1.0,1.7777777777777777,4.0,3.75,2.0,1.75,1.0,1.0,3.0,2.857142857142857,2.375,Minimal,No,Minimal,No,,1.0,0,,1.0,0,,1.7777777777777777,0,,4.0,0,,3.75,0,,2.0,0,,1.75,0,,1.0,0,,1.0,0,,3.0,0,,2.857142857142857,0,,2.375,0,
2026-04-02 11:38:45,34,Female,CTVS,Assistant professor,Several days,Several days,Several days,Not at all,Several days,Not at all,Not at all,Not at all,Not at all,Not at all,Not at all,Several days,Several days,Not at all,Several days,Several days,Neutral,Neutral,Agree,Agree,Agree,Agree,Agree,Agree,Agree,Neutral,Neutral,Neutral,Neutral,Neutral,Neutral,Neutral,Neutral,Neutral,Neutral,Disagree,Disagree,Disagree,Disagree,Neutral,Neutral,Agree,Agree,Disagree,Disagree,Neutral,Disagree,Agree,Strongly Agree,Strongly Agree,Agree,Desired,Strongly Desired,Strongly Desired,Strongly Desired,Strongly Desired,Strongly Desired,Strongly Desired,Strongly agree,Agree,Agree,Agree,Neutral,Agree,Agree,Neutral,Neutral,Neutral,Disagree,Neutral,Neutral,Agree,Agree,Agree,1,1,1.0,0.0,1,0,0,0,0,0,0,1,1,0,1.0,1,3,3,4,4,4.0,4,4,4,4.0,3.0,3.0,3.0,3.0,3.0,3.0,3.0,3.0,3.0,3.0,4.0,2.0,2.0,2.0,3.0,3.0,4.0,4.0,2.0,2.0,3.0,2.0,4.0,5.0,5.0,4.0,4.0,5.0,5.0,5.0,5.0,5.0,5.0,1.0,4.0,4.0,4.0,3.0,4.0,2.0,3.0,3.0,3.0,2.0,3.0,3.0,2.0,2.0,2.0,4.0,4.0,3.7777777777777777,3.0,3.0,3.3333333333333335,2.25,3.25,2.3333333333333335,4.5,4.857142857142857,2.8125,Minimal,No,Minimal,No,,4.0,0,,4.0,0,,3.7777777777777777,0,,3.0,0,,3.0,0,,3.3333333333333335,0,,2.25,0,,3.25,0,,2.3333333333333335,0,,4.5,0,,4.857142857142857,0,,2.8125,0,
2026-04-02 14:42:35,30,Female,Obstetrics and Gynaecology,Senior Resident,Not at all,Not at all,Not at all,Not at all,Not at all,Not at all,Not at all,Not at all,Not at all,Not at all,Not at all,Not at all,Not at all,Not at all,Several days,Not at all,Disagree,Neutral,Disagree,Agree,Neutral,Disagree,Disagree,Disagree,Disagree,Neutral,Neutral,Disagree,Disagree,Neutral,Neutral,Disagree,Neutral,Neutral,Agree,Disagree,Neutral,Disagree,Disagree,Neutral,Disagree,Disagree,Strongly Disagree,Strongly Disagree,Disagree,Disagree,Disagree,Agree,Agree,Agree,Agree,Neutral,Neutral,Neutral,Neutral,Desired,Not desired,Not desired,Strongly Disagree,Agree,Neutral,Disagree,Agree,Neutral,Agree,Disagree,Neutral,Agree,Agree,Agree,Agree,Agree,Agree,Neutral,0,0,0.0,0.0,0,0,0,0,0,0,0,0,0,0,1.0,0,2,3,2,4,3.0,2,2,2,2.0,3.0,3.0,4.0,4.0,3.0,3.0,4.0,3.0,3.0,4.0,4.0,3.0,2.0,2.0,3.0,2.0,2.0,1.0,1.0,2.0,2.0,2.0,4.0,4.0,4.0,4.0,3.0,3.0,3.0,3.0,4.0,2.0,2.0,5.0,4.0,3.0,2.0,2.0,3.0,2.0,2.0,3.0,2.0,4.0,2.0,4.0,2.0,2.0,3.0,0.0,1.0,2.4444444444444446,3.5,3.25,3.6666666666666665,2.5,1.5,2.0,4.0,2.857142857142857,2.8125,Minimal,No,Minimal,No,,0.0,0,,1.0,0,,2.4444444444444446,0,,3.5,0,,3.25,0,,3.6666666666666665,0,,2.5,0,,1.5,0,,2.0,0,,4.0,0,,2.857142857142857,0,,2.8125,0,
2026-04-02 15:05:44,28,Female,Nephrology,Junior Resident,Not at all,Not at all,Not at all,Several days,Not at all,Not at all,Not at all,Not at all,Not at all,Not at all,Not at all,Several days,Not at all,Not at all,Not at all,Not at all,Disagree,Disagree,Disagree,Neutral,Disagree,Strongly Disagree,Disagree,Disagree,Disagree,Neutral,Neutral,Disagree,Strongly Disagree,Agree,Agree,Disagree,Neutral,Neutral,Agree,Disagree,Disagree,Disagree,Disagree,Disagree,Strongly Disagree,Disagree,Strongly Disagree,Strongly Disagree,Disagree,Disagree,Disagree,Neutral,Neutral,Agree,Neutral,Not desired,Neutral,Neutral,Desired,Neutral,Not desired,Not desired,Neutral,Agree,Neutral,Neutral,Agree,Neutral,Agree,Disagree,Disagree,Neutral,Neutral,Agree,Neutral,Agree,Agree,Neutral,0,0,0.0,1.0,0,0,0,0,0,0,0,1,0,0,0.0,0,2,2,2,3,2.0,1,2,2,2.0,3.0,3.0,4.0,5.0,4.0,4.0,4.0,3.0,3.0,4.0,4.0,2.0,2.0,2.0,2.0,1.0,2.0,1.0,1.0,2.0,2.0,2.0,3.0,3.0,4.0,3.0,2.0,3.0,3.0,4.0,3.0,2.0,2.0,3.0,4.0,3.0,3.0,2.0,3.0,2.0,2.0,2.0,3.0,3.0,2.0,3.0,2.0,2.0,3.0,1.0,1.0,2.0,3.75,3.75,3.6666666666666665,2.0,1.25,2.0,3.25,2.7142857142857144,2.625,Minimal,No,Minimal,No,,1.0,0,,1.0,0,,2.0,0,,3.75,0,,3.75,0,,3.6666666666666665,0,,2.0,0,,1.25,0,,2.0,0,,3.25,0,,2.7142857142857144,0,,2.625,0,
2026-04-04 10:58:39,30,Female,Pulmonology,Senior Resident,Not at all,Not at all,Not at all,Several days,Not at all,Not at all,Several days,Not at all,Not at all,Several days,Not at all,Not at all,Several days,Not at all,Several days,Not at all,Agree,Agree,Agree,Agree,Agree,Agree,Agree,Agree,Neutral,Neutral,Agree,Disagree,Disagree,Neutral,Neutral,Disagree,Disagree,Neutral,Disagree,Agree,Neutral,Neutral,Neutral,Disagree,Disagree,Neutral,Disagree,Disagree,Neutral,Neutral,Neutral,Agree,Agree,Agree,Agree,Desired,Desired,Desired,Desired,Desired,Desired,Desired,Agree,Agree,Disagree,Agree,Agree,Agree,Agree,Agree,Agree,Disagree,Agree,Neutral,Agree,Neutral,Neutral,Agree,0,0,0.0,1.0,0,0,1,0,0,1,0,0,1,0,1.0,0,4,4,4,4,4.0,4,4,4,3.0,3.0,4.0,4.0,4.0,3.0,3.0,4.0,2.0,3.0,2.0,2.0,3.0,3.0,3.0,2.0,2.0,3.0,2.0,2.0,3.0,3.0,3.0,4.0,4.0,4.0,4.0,4.0,4.0,4.0,4.0,4.0,4.0,4.0,2.0,4.0,2.0,4.0,2.0,4.0,2.0,4.0,4.0,4.0,4.0,3.0,4.0,3.0,3.0,2.0,2.0,3.0,3.888888888888889,3.75,3.0,2.3333333333333335,2.75,2.25,3.0,4.0,4.0,3.1875,Minimal,No,Minimal,No,,2.0,0,,3.0,0,,3.888888888888889,0,,3.75,0,,3.0,0,,2.3333333333333335,0,,2.75,0,,2.25,0,,3.0,0,,4.0,0,,4.0,0,,3.1875,0,
2026-04-04 11:13:35,29,Male,Nephrology,Senior Resident,Not at all,Not at all,Not at all,Not at all,Not at all,Not at all,Not at all,Not at all,Not at all,Not at all,Not at all,Not at all,Not at all,Not at all,Not at all,Not at all,Agree,Neutral,Neutral,Disagree,Disagree,Disagree,Disagree,Disagree,Disagree,Neutral,Neutral,Strongly Disagree,Disagree,Neutral,Agree,Disagree,Neutral,Agree,Disagree,Agree,Disagree,Disagree,Disagree,Disagree,Disagree,Disagree,Disagree,Strongly Disagree,Disagree,Disagree,Disagree,Agree,Agree,Neutral,Agree,Desired,Desired,Desired,Desired,Desired,Desired,Desired,Neutral,Neutral,Disagree,Neutral,Agree,Disagree,Neutral,Disagree,Neutral,Disagree,Neutral,Disagree,Agree,Neutral,Neutral,Neutral,0,0,0.0,0.0,0,0,0,0,0,0,0,0,0,0,0.0,0,4,3,3,2,2.0,2,2,2,2.0,3.0,3.0,5.0,4.0,3.0,4.0,4.0,3.0,4.0,2.0,2.0,2.0,2.0,2.0,2.0,2.0,2.0,2.0,1.0,2.0,2.0,2.0,4.0,4.0,3.0,4.0,4.0,4.0,4.0,4.0,4.0,4.0,4.0,3.0,3.0,2.0,3.0,2.0,2.0,3.0,2.0,3.0,4.0,3.0,4.0,4.0,3.0,3.0,3.0,0.0,0.0,2.4444444444444446,3.75,3.5,2.6666666666666665,2.0,1.75,2.0,3.75,4.0,2.9375,Minimal,No,Minimal,No,,0.0,0,,0.0,0,,2.4444444444444446,0,,3.75,0,,3.5,0,,2.6666666666666665,0,,2.0,0,,1.75,0,,2.0,0,,3.75,0,,4.0,0,,2.9375,0,
2026-04-04 11:34:17,29,Male,Orthopaedics,Senior Resident,Several days,Not at all,Not at all,Not at all,Not at all,Not at all,Several days,Not at all,Not at all,Not at all,Not at all,Several days,Not at all,Not at all,Several days,Not at all,Disagree,Disagree,Disagree,Disagree,Agree,Agree,Disagree,Disagree,Disagree,Disagree,Agree,Disagree,Disagree,Agree,Agree,Disagree,Agree,Agree,Disagree,Disagree,Agree,Disagree,Disagree,Disagree,Disagree,Disagree,Disagree,Disagree,Disagree,Disagree,Disagree,Agree,Agree,Agree,Agree,Not desired,Desired,Desired,Desired,Not desired,Not desired,Not desired,Agree,Disagree,Disagree,Disagree,Agree,,Agree,Disagree,Agree,,Agree,Strongly agree,Neutral,Strongly agree,Agree,Neutral,1,0,0.0,0.0,0,0,1,0,0,0,0,1,0,0,1.0,0,2,2,2,2,4.0,4,2,2,2.0,4.0,4.0,4.0,4.0,4.0,4.0,4.0,4.0,4.0,2.0,4.0,4.0,2.0,2.0,2.0,2.0,2.0,2.0,2.0,2.0,2.0,2.0,4.0,4.0,4.0,4.0,2.0,4.0,4.0,4.0,2.0,2.0,2.0,2.0,2.0,2.0,2.0,2.0,,2.0,2.0,4.0,,4.0,1.0,3.0,1.0,2.0,3.0,2.0,2.0,2.4444444444444446,4.0,4.0,3.3333333333333335,2.5,2.0,2.0,4.0,2.857142857142857,2.2857142857142856,Minimal,No,Minimal,No,,2.0,0,,2.0,0,,2.4444444444444446,0,,4.0,0,,4.0,0,,3.3333333333333335,0,,2.5,0,,2.0,0,,2.0,0,,4.0,0,,2.857142857142857,0,,2.2857142857142856,2,Person-mean imputed
2026-04-04 12:36:10,31,Female,Pediatric Surgery,Senior Resident,Several days,Not at all,Not at all,Several days,Several days,Not at all,Not at all,Not at all,Not at all,Over the half days,Over the half days,Over the half days,Not at all,Not at all,Over the half days,Not at all,Disagree,Agree,Disagree,Agree,Neutral,Disagree,Neutral,Disagree,Disagree,Disagree,Agree,Disagree,Disagree,Agree,Agree,Disagree,Neutral,Neutral,Neutral,Disagree,Neutral,Disagree,Neutral,Disagree,Agree,Disagree,Disagree,Disagree,Disagree,Disagree,Neutral,Agree,Agree,Agree,Agree,Not desired,Desired,Desired,Not desired,Desired,Not desired,Not desired,Agree,Agree,Neutral,Agree,Neutral,Neutral,Neutral,Agree,Agree,Disagree,Neutral,Agree,Agree,Agree,Disagree,Neutral,1,0,0.0,1.0,1,0,0,0,0,2,2,2,0,0,2.0,0,2,4,2,4,3.0,2,3,2,2.0,4.0,4.0,4.0,4.0,4.0,4.0,4.0,3.0,3.0,3.0,4.0,3.0,2.0,3.0,2.0,4.0,2.0,2.0,2.0,2.0,2.0,3.0,4.0,4.0,4.0,4.0,2.0,4.0,4.0,2.0,4.0,2.0,2.0,2.0,4.0,3.0,4.0,3.0,3.0,3.0,4.0,4.0,4.0,3.0,2.0,4.0,2.0,4.0,3.0,3.0,8.0,2.6666666666666665,4.0,3.75,3.3333333333333335,2.5,2.5,2.3333333333333335,4.0,2.857142857142857,3.25,Minimal,No,Mild,No,,3.0,0,,8.0,0,,2.6666666666666665,0,,4.0,0,,3.75,0,,3.3333333333333335,0,,2.5,0,,2.5,0,,2.3333333333333335,0,,4.0,0,,2.857142857142857,0,,3.25,0,
2026-04-04 13:27:42,30,Female,Pediatrics Surgery,Senior Resident,Not at all,Not at all,Not at all,Several days,Not at all,Not at all,Several days,Not at all,Not at all,Several days,Not at all,Not at all,Not at all,Not at all,Not at all,Not at all,Agree,Disagree,Disagree,Disagree,Strongly Agree,Strongly Disagree,Disagree,Disagree,Disagree,Neutral,Strongly Agree,Strongly Disagree,Disagree,Strongly Agree,Strongly Agree,Disagree,Agree,Neutral,Disagree,Disagree,Disagree,Disagree,Disagree,Disagree,Strongly Disagree,Strongly Disagree,Strongly Disagree,Strongly Disagree,Strongly Disagree,Agree,Disagree,Agree,Agree,Agree,Agree,Desired,Desired,Desired,Desired,Not desired,Not desired,Not desired,Strongly agree,Strongly agree,Agree,Agree,Neutral,Agree,Strongly agree,Agree,Disagree,Strongly agree,Strongly Disagree,Agree,Agree,Agree,Agree,Agree,0,0,0.0,1.0,0,0,1,0,0,1,0,0,0,0,0.0,0,4,2,2,2,5.0,1,2,2,2.0,3.0,5.0,5.0,4.0,5.0,5.0,4.0,4.0,3.0,2.0,4.0,2.0,2.0,2.0,2.0,1.0,1.0,1.0,1.0,1.0,4.0,2.0,4.0,4.0,4.0,4.0,4.0,4.0,4.0,4.0,2.0,2.0,2.0,1.0,5.0,4.0,4.0,3.0,4.0,1.0,4.0,2.0,1.0,1.0,2.0,4.0,2.0,2.0,2.0,2.0,1.0,2.4444444444444446,4.25,4.5,3.0,2.0,1.0,2.3333333333333335,4.0,3.142857142857143,2.625,Minimal,No,Minimal,No,,2.0,0,,1.0,0,,2.4444444444444446,0,,4.25,0,,4.5,0,,3.0,0,,2.0,0,,1.0,0,,2.3333333333333335,0,,4.0,0,,3.142857142857143,0,,2.625,0,
2026-04-04 13:34:09,27,Female,General Surgery,Junior Resident,Not at all,Not at all,Not at all,Several days,Not at all,Several days,Not at all,Not at all,Not at all,Several days,Not at all,Several days,Several days,Not at all,Not at all,Not at all,Disagree,Disagree,Disagree,Agree,Disagree,Disagree,Disagree,Disagree,Disagree,Neutral,Agree,Disagree,Disagree,Neutral,Agree,Disagree,Agree,Neutral,Disagree,Disagree,Disagree,Disagree,Disagree,Disagree,Agree,Disagree,Disagree,Disagree,Disagree,Disagree,Disagree,Disagree,Disagree,Disagree,Disagree,Not desired,Not desired,Desired,Not desired,Desired,Not desired,Not desired,Agree,Agree,Agree,Agree,Disagree,Agree,Agree,Neutral,Disagree,Disagree,Agree,Agree,Agree,Agree,Agree,Neutral,0,0,0.0,1.0,0,1,0,0,0,1,0,1,1,0,0.0,0,2,2,2,4,2.0,2,2,2,2.0,3.0,4.0,4.0,4.0,3.0,4.0,4.0,4.0,3.0,2.0,4.0,2.0,2.0,2.0,2.0,4.0,2.0,2.0,2.0,2.0,2.0,2.0,2.0,2.0,2.0,2.0,2.0,2.0,4.0,2.0,4.0,2.0,2.0,2.0,4.0,4.0,4.0,4.0,4.0,2.0,3.0,2.0,4.0,4.0,2.0,4.0,2.0,2.0,3.0,2.0,3.0,2.2222222222222223,3.75,3.75,3.0,2.0,2.5,2.0,2.0,2.5714285714285716,3.125,Minimal,No,Minimal,No,,2.0,0,,3.0,0,,2.2222222222222223,0,,3.75,0,,3.75,0,,3.0,0,,2.0,0,,2.5,0,,2.0,0,,2.0,0,,2.5714285714285716,0,,3.125,0,
2026-04-06 15:57:51,29,Male,Pulmonology,Senior Resident,Not at all,Not at all,Not at all,Not at all,Not at all,Not at all,Not at all,Not at all,Not at all,Not at all,Not at all,Not at all,Not at all,Not at all,Several days,Not at all,Agree,Agree,Disagree,Disagree,Agree,Strongly Agree,Agree,Agree,Disagree,Neutral,Disagree,Disagree,Disagree,Neutral,Agree,Disagree,Agree,Neutral,Disagree,Disagree,Agree,Disagree,Disagree,Disagree,Agree,Strongly Disagree,Strongly Disagree,Strongly Disagree,Neutral,Neutral,Disagree,Strongly Agree,Agree,Strongly Agree,Agree,Desired,Desired,Desired,Desired,Desired,Desired,Desired,Neutral,Agree,Strongly agree,Strongly agree,Neutral,Agree,Agree,Agree,Strongly agree,Strongly Disagree,Neutral,Disagree,Agree,Agree,Agree,Agree,0,0,0.0,0.0,0,0,0,0,0,0,0,0,0,0,1.0,0,4,4,2,2,4.0,5,4,4,2.0,3.0,2.0,4.0,4.0,3.0,4.0,4.0,4.0,3.0,2.0,4.0,4.0,2.0,2.0,2.0,4.0,1.0,1.0,1.0,3.0,3.0,2.0,5.0,4.0,5.0,4.0,4.0,4.0,4.0,4.0,4.0,4.0,4.0,3.0,4.0,5.0,5.0,3.0,4.0,2.0,4.0,5.0,5.0,3.0,4.0,4.0,2.0,2.0,2.0,0.0,1.0,3.4444444444444446,3.25,3.75,3.0,2.5,1.75,2.6666666666666665,4.5,4.0,3.5625,Minimal,No,Minimal,No,,0.0,0,,1.0,0,,3.4444444444444446,0,,3.25,0,,3.75,0,,3.0,0,,2.5,0,,1.75,0,,2.6666666666666665,0,,4.5,0,,4.0,0,,3.5625,0,
2026-04-06 16:13:26,29,Male,Pulmonology,Post Graduate,Several days,Not at all,Not at all,Several days,Not at all,Not at all,Not at all,Not at all,Not at all,Over the half days,Several days,Over the half days,Several days,Several days,Several days,Over the half days,Strongly Agree,Strongly Agree,Agree,Neutral,Disagree,Agree,Neutral,Disagree,Disagree,Neutral,Agree,Disagree,Strongly Disagree,Agree,Agree,Disagree,Agree,Neutral,Disagree,Disagree,Disagree,Agree,Disagree,Disagree,Agree,Disagree,Strongly Disagree,Strongly Disagree,Strongly Disagree,Strongly Disagree,Agree,Agree,Strongly Agree,Agree,Agree,Desired,Not desired,Desired,Not desired,Desired,Not desired,Not desired,Agree,Agree,Neutral,Strongly agree,Agree,Neutral,Agree,Disagree,Agree,Neutral,Agree,Agree,Agree,Strongly agree,Agree,Neutral,1,0,0.0,1.0,0,0,0,0,0,2,1,2,1,1,1.0,2,5,5,4,3,2.0,4,3,2,2.0,3.0,4.0,4.0,5.0,4.0,4.0,4.0,4.0,3.0,2.0,4.0,2.0,4.0,2.0,2.0,4.0,2.0,1.0,1.0,1.0,1.0,4.0,4.0,5.0,4.0,4.0,4.0,2.0,4.0,2.0,4.0,2.0,2.0,2.0,4.0,3.0,5.0,2.0,3.0,2.0,2.0,4.0,3.0,4.0,2.0,4.0,1.0,2.0,3.0,2.0,10.0,3.3333333333333335,4.0,4.0,3.0,2.5,2.0,2.0,4.25,2.857142857142857,2.875,Minimal,No,Moderate,Yes,,2.0,0,,10.0,0,,3.3333333333333335,0,,4.0,0,,4.0,0,,3.0,0,,2.5,0,,2.0,0,,2.0,0,,4.25,0,,2.857142857142857,0,,2.875,0,
2026-04-07 11:52:59,31,Male,Orthopaedics,Post Graduate,Not at all,Not at all,Not at all,Not at all,Not at all,Not at all,Not at all,Not at all,Not at all,Not at all,Not at all,Not at all,Not at all,Not at all,Not at all,Not at all,Strongly Disagree,Strongly Disagree,Strongly Disagree,Strongly Disagree,Strongly Disagree,Strongly Disagree,Strongly Disagree,Strongly Disagree,Strongly Disagree,Strongly Disagree,Strongly Disagree,Strongly Disagree,Strongly Disagree,Strongly Disagree,Strongly Disagree,Strongly Disagree,Strongly Disagree,Strongly Disagree,Strongly Disagree,Strongly Disagree,Strongly Disagree,Strongly Disagree,Strongly Disagree,Strongly Disagree,Strongly Disagree,Strongly Disagree,Strongly Disagree,Strongly Disagree,Strongly Disagree,Strongly Disagree,Strongly Disagree,Strongly Disagree,Strongly Disagree,Strongly Disagree,Strongly Disagree,Strongly not desired,Strongly not desired,Strongly not desired,Strongly not desired,Strongly not desired,Strongly not desired,Strongly not desired,Strongly agree,Neutral,Strongly Disagree,Strongly Disagree,Strongly agree,Strongly Disagree,Strongly agree,Strongly Disagree,Strongly Disagree,Neutral,Strongly Disagree,Strongly Disagree,Neutral,Strongly agree,Strongly agree,Strongly agree,0,0,0.0,0.0,0,0,0,0,0,0,0,0,0,0,0.0,0,1,1,1,1,1.0,1,1,1,1.0,5.0,1.0,5.0,5.0,1.0,1.0,5.0,1.0,1.0,1.0,5.0,1.0,1.0,1.0,1.0,1.0,1.0,1.0,1.0,1.0,1.0,1.0,1.0,1.0,1.0,1.0,1.0,1.0,1.0,1.0,1.0,1.0,1.0,1.0,3.0,1.0,1.0,1.0,1.0,1.0,1.0,1.0,3.0,1.0,5.0,3.0,1.0,1.0,1.0,0.0,0.0,1.0,4.0,2.0,2.3333333333333335,1.0,1.0,1.0,1.0,1.0,1.625,Minimal,No,Minimal,No,,0.0,0,,0.0,0,,1.0,0,,4.0,0,,2.0,0,,2.3333333333333335,0,,1.0,0,,1.0,0,,1.0,0,,1.0,0,,1.0,0,,1.625,0,
2026-04-07 12:27:32,29,Female,Pulmonology,Senior Resident,Not at all,Not at all,Several days,Not at all,Not at all,Not at all,Not at all,Not at all,Not at all,Several days,Not at all,Not at all,Several days,Not at all,Not at all,Not at all,Disagree,Agree,Agree,Agree,Neutral,Neutral,Disagree,Disagree,Disagree,Disagree,Agree,Disagree,Agree,Agree,Agree,Disagree,Agree,Neutral,Disagree,Disagree,Disagree,Disagree,Disagree,Disagree,Strongly Disagree,Strongly Disagree,Strongly Disagree,Strongly Disagree,Strongly Disagree,Neutral,Strongly Disagree,Strongly Agree,Strongly Agree,Strongly Agree,Agree,Desired,Not desired,Desired,Not desired,Desired,Desired,Not desired,Agree,Agree,Agree,Agree,Neutral,,Strongly agree,Strongly agree,Disagree,Disagree,Agree,Agree,Strongly agree,Agree,Agree,Neutral,0,0,1.0,0.0,0,0,0,0,0,1,0,0,1,0,0.0,0,2,4,4,4,3.0,3,2,2,2.0,4.0,4.0,4.0,2.0,4.0,4.0,4.0,4.0,3.0,2.0,4.0,2.0,2.0,2.0,2.0,1.0,1.0,1.0,1.0,1.0,3.0,1.0,5.0,5.0,5.0,4.0,4.0,2.0,4.0,2.0,4.0,4.0,2.0,2.0,4.0,4.0,4.0,3.0,,1.0,5.0,2.0,4.0,4.0,2.0,5.0,2.0,2.0,3.0,1.0,2.0,2.888888888888889,3.5,4.0,3.0,2.0,1.0,1.6666666666666667,4.75,3.142857142857143,3.1333333333333333,Minimal,No,Minimal,No,,1.0,0,,2.0,0,,2.888888888888889,0,,3.5,0,,4.0,0,,3.0,0,,2.0,0,,1.0,0,,1.6666666666666667,0,,4.75,0,,3.142857142857143,0,,3.1333333333333333,1,Person-mean imputed
2026-04-07 12:41:43,38,Male,Pulmonology,Associate Professor,Not at all,Not at all,Not at all,Not at all,Not at all,Not at all,Not at all,Not at all,Not at all,Not at all,Not at all,Not at all,Not at all,Not at all,Not at all,Not at all,Disagree,Disagree,Disagree,Agree,,Disagree,Disagree,Disagree,Disagree,Disagree,Agree,Disagree,Disagree,Agree,Agree,Disagree,Agree,Disagree,Disagree,Disagree,Disagree,Disagree,Disagree,Disagree,Disagree,Disagree,Disagree,Disagree,Disagree,Disagree,Disagree,Agree,Agree,Agree,Agree,Not desired,Not desired,Desired,Desired,Not desired,Desired,Neutral,Disagree,Disagree,Disagree,Agree,Neutral,Neutral,Agree,Disagree,Disagree,Agree,Disagree,Agree,Disagree,Agree,Agree,Agree,0,0,0.0,0.0,0,0,0,0,0,0,0,0,0,0,0.0,0,2,2,2,4,,2,2,2,2.0,4.0,4.0,4.0,4.0,4.0,4.0,4.0,4.0,2.0,2.0,4.0,2.0,2.0,2.0,2.0,2.0,2.0,2.0,2.0,2.0,2.0,2.0,4.0,4.0,4.0,4.0,2.0,2.0,4.0,4.0,2.0,4.0,3.0,4.0,2.0,2.0,4.0,3.0,3.0,2.0,2.0,2.0,2.0,2.0,2.0,2.0,2.0,2.0,2.0,0.0,0.0,2.25,4.0,4.0,2.6666666666666665,2.0,2.0,2.0,4.0,3.0,2.375,Minimal,No,Minimal,No,,0.0,0,,0.0,0,,2.25,1,Person-mean imputed,4.0,0,,4.0,0,,2.6666666666666665,0,,2.0,0,,2.0,0,,2.0,0,,4.0,0,,3.0,0,,2.375,0,
2026-04-07 14:27:36,26,Male,Pulmonology,Post Graduate,Several days,Several days,Not at all,Several days,Not at all,Not at all,Several days,Not at all,Not at all,Not at all,Not at all,Not at all,Not at all,Not at all,Several days,Several days,Strongly Agree,Strongly Agree,Disagree,Agree,Strongly Agree,Strongly Disagree,Strongly Disagree,Agree,Disagree,Strongly Disagree,Agree,Disagree,Disagree,Agree,Agree,Disagree,Agree,Disagree,Disagree,Neutral,Agree,Disagree,Neutral,Disagree,Disagree,Strongly Disagree,Strongly Disagree,Strongly Disagree,Disagree,Disagree,Disagree,Agree,Agree,Strongly Agree,Strongly Agree,Desired,Desired,Desired,Not desired,Not desired,Strongly Desired,Not desired,Strongly agree,Strongly agree,Agree,Agree,Strongly agree,Agree,Strongly agree,Disagree,Agree,Strongly Disagree,Agree,Disagree,Strongly agree,Strongly agree,Strongly agree,Agree,1,1,0.0,1.0,0,0,1,0,0,0,0,0,0,0,1.0,1,5,5,2,4,5.0,1,1,4,2.0,5.0,4.0,4.0,4.0,4.0,4.0,4.0,4.0,2.0,2.0,3.0,4.0,2.0,3.0,2.0,2.0,1.0,1.0,1.0,2.0,2.0,2.0,4.0,4.0,5.0,5.0,4.0,4.0,4.0,2.0,2.0,5.0,2.0,1.0,5.0,4.0,4.0,1.0,4.0,1.0,2.0,4.0,5.0,4.0,4.0,5.0,1.0,1.0,2.0,4.0,2.0,3.2222222222222223,4.25,4.0,2.3333333333333335,2.75,1.25,2.0,4.5,3.2857142857142856,3.0,Minimal,No,Minimal,No,,4.0,0,,2.0,0,,3.2222222222222223,0,,4.25,0,,4.0,0,,2.3333333333333335,0,,2.75,0,,1.25,0,,2.0,0,,4.5,0,,3.2857142857142856,0,,3.0,0,
2026-04-07 17:01:24,31,Male,Pediatrics,Senior Resident,Several days,Several days,Several days,More than half the days,Several days,Several days,Several days,Several days,Not at all,Over the half days,Not at all,Several days,Over the half days,Over the half days,Several days,Not at all,Agree,Strongly Agree,Agree,Agree,Agree,Neutral,Disagree,Disagree,Strongly Disagree,Disagree,Agree,Disagree,Strongly Disagree,Agree,Agree,Neutral,Neutral,Neutral,Disagree,Neutral,Neutral,Disagree,Agree,Neutral,Strongly Agree,Disagree,Strongly Disagree,Strongly Disagree,Strongly Disagree,Disagree,Neutral,Agree,Strongly Agree,Strongly Agree,Agree,Desired,Desired,Strongly Desired,Desired,Desired,Neutral,Not desired,Disagree,Strongly agree,Disagree,Strongly agree,Disagree,Agree,Strongly agree,Agree,Agree,Agree,Strongly agree,Agree,Agree,Neutral,Agree,Disagree,1,1,1.0,2.0,1,1,1,1,0,2,0,1,2,2,1.0,0,4,5,4,4,4.0,3,2,2,1.0,4.0,4.0,4.0,5.0,4.0,4.0,3.0,3.0,3.0,2.0,3.0,3.0,2.0,4.0,3.0,5.0,2.0,1.0,1.0,1.0,2.0,3.0,4.0,5.0,5.0,4.0,4.0,4.0,5.0,4.0,4.0,3.0,2.0,4.0,5.0,2.0,5.0,4.0,4.0,1.0,4.0,4.0,2.0,5.0,2.0,4.0,3.0,2.0,4.0,9.0,8.0,3.2222222222222223,4.25,3.5,2.6666666666666665,3.0,2.25,2.0,4.5,3.7142857142857144,3.4375,Mild,No,Mild,No,,9.0,0,,8.0,0,,3.2222222222222223,0,,4.25,0,,3.5,0,,2.6666666666666665,0,,3.0,0,,2.25,0,,2.0,0,,4.5,0,,3.7142857142857144,0,,3.4375,0,
2026-04-07 17:05:32,27,Female,Pediatrics,Post Graduate,Several days,Several days,Not at all,Several days,Several days,Several days,Several days,Several days,Not at all,Several days,Not at all,Several days,Several days,Not at all,Several days,Several days,Agree,Agree,Strongly Agree,Agree,Agree,Agree,Disagree,Disagree,Agree,Disagree,Agree,Disagree,Neutral,Agree,Agree,Disagree,Agree,Disagree,Disagree,Disagree,Agree,Agree,Agree,Neutral,Agree,Agree,Disagree,Disagree,Agree,Agree,Agree,Agree,Agree,Agree,Agree,Strongly Desired,Desired,Desired,Desired,Not desired,Not desired,Not desired,Agree,Strongly agree,Agree,Agree,Agree,Disagree,Neutral,Agree,Agree,Strongly Disagree,Neutral,Strongly Disagree,Agree,Neutral,Disagree,Disagree,1,1,0.0,1.0,1,1,1,1,0,1,0,1,1,0,1.0,1,4,4,5,4,4.0,4,2,2,4.0,4.0,4.0,4.0,3.0,4.0,4.0,4.0,4.0,2.0,2.0,4.0,4.0,4.0,4.0,3.0,4.0,4.0,2.0,2.0,4.0,4.0,4.0,4.0,4.0,4.0,4.0,5.0,4.0,4.0,4.0,2.0,2.0,2.0,2.0,5.0,4.0,4.0,2.0,2.0,3.0,4.0,4.0,5.0,3.0,5.0,4.0,3.0,4.0,4.0,7.0,5.0,3.6666666666666665,3.75,4.0,2.6666666666666665,3.75,3.0,4.0,4.0,3.2857142857142856,3.625,Mild,No,Mild,No,,7.0,0,,5.0,0,,3.6666666666666665,0,,3.75,0,,4.0,0,,2.6666666666666665,0,,3.75,0,,3.0,0,,4.0,0,,4.0,0,,3.2857142857142856,0,,3.625,0,
2026-04-08 14:36:15,27,Female,Obstetrics and Gynaecology,Post Graduate,Not at all,Not at all,Not at all,Several days,Not at all,Not at all,Several days,Not at all,Not at all,Several days,Several days,Not at all,Several days,Not at all,Several days,Not at all,Agree,Neutral,Neutral,Agree,Agree,Neutral,Neutral,Neutral,,,,,,,,,,,,,,,,,,,,,,,,,,,,Neutral,Neutral,Neutral,Neutral,Neutral,Neutral,Neutral,Agree,Neutral,Neutral,Neutral,Neutral,Neutral,,,,,,,,,,,0,0,0.0,1.0,0,0,1,0,0,1,1,0,1,0,1.0,0,4,3,3,4,4.0,3,3,3,,,,,,,,,,,,,,,,,,,,,,,,,,,,3.0,3.0,3.0,3.0,3.0,3.0,3.0,2.0,3.0,3.0,3.0,3.0,3.0,,,,,,,,,,,2.0,4.0,3.375,4.0,4.0,3.0,2.5,1.75,2.0,4.0,3.0,2.8125,Minimal,No,Minimal,No,,2.0,0,,4.0,0,,3.375,1,Person-mean imputed,,4,Scale-median imputed; source had >20% missing items,,4,Scale-median imputed; source had >20% missing items,,3,Scale-median imputed; source had >20% missing items,,4,Scale-median imputed; source had >20% missing items,,4,Scale-median imputed; source had >20% missing items,,3,Scale-median imputed; source had >20% missing items,,4,Scale-median imputed; source had >20% missing items,3.0,0,,2.8333333333333335,10,Scale-median imputed; source had >20% missing items
2026-04-08 14:38:00,37,Female,Obstetrics and Gynaecology,Professor,Not at all,Not at all,Not at all,Not at all,Not at all,Not at all,Not at all,Not at all,Not at all,Not at all,Not at all,Not at all,Not at all,Not at all,Not at all,Not at all,Neutral,Disagree,Disagree,Disagree,Agree,Disagree,Disagree,Disagree,Disagree,Disagree,Neutral,Disagree,Disagree,Agree,Agree,Disagree,Agree,Strongly Agree,Strongly Agree,Disagree,Disagree,Strongly Disagree,Disagree,Agree,Neutral,Disagree,Neutral,Neutral,Agree,Agree,Agree,Strongly Agree,Agree,Agree,Agree,Desired,,Neutral,Strongly Desired,Strongly Desired,Strongly Desired,Strongly Desired,Neutral,Neutral,Neutral,Neutral,Neutral,Neutral,Neutral,Neutral,Neutral,Neutral,Neutral,Neutral,Disagree,Agree,Agree,Disagree,0,0,0.0,0.0,0,0,0,0,0,0,0,0,0,0,0.0,0,3,2,2,2,4.0,2,2,2,2.0,4.0,3.0,4.0,4.0,4.0,4.0,4.0,4.0,5.0,5.0,4.0,2.0,1.0,2.0,4.0,3.0,2.0,3.0,3.0,4.0,4.0,4.0,5.0,4.0,4.0,4.0,4.0,,3.0,5.0,5.0,5.0,5.0,3.0,3.0,3.0,3.0,3.0,3.0,3.0,3.0,3.0,3.0,3.0,3.0,2.0,2.0,2.0,4.0,0.0,0.0,2.3333333333333335,3.75,4.0,4.666666666666667,2.25,2.75,4.0,4.25,4.5,2.875,Minimal,No,Minimal,No,,0.0,0,,0.0,0,,2.3333333333333335,0,,3.75,0,,4.0,0,,4.666666666666667,0,,2.25,0,,2.75,0,,4.0,0,,4.25,0,,4.5,1,Person-mean imputed,2.875,0,
2026-04-08 16:36:07,26,Male,Pediatrics,Post Graduate,Several days,Not at all,Not at all,Not at all,Not at all,Not at all,Several days,Not at all,Not at all,Several days,Several days,Not at all,Several days,Not at all,Not at all,Several days,Disagree,Agree,Disagree,Agree,Neutral,Strongly Agree,Neutral,Disagree,Disagree,Disagree,Strongly Agree,Disagree,Disagree,Strongly Agree,Strongly Agree,Disagree,Neutral,Disagree,Disagree,Disagree,Disagree,Agree,Disagree,Disagree,Disagree,Disagree,Disagree,Disagree,Disagree,Disagree,Disagree,Agree,Strongly Agree,Agree,Agree,Not desired,Not desired,Desired,Neutral,Desired,Neutral,Not desired,Agree,Agree,Disagree,Agree,Agree,Disagree,Agree,Disagree,Disagree,Disagree,Disagree,Disagree,Disagree,Agree,Agree,Agree,1,0,0.0,0.0,0,0,1,0,0,1,1,0,1,0,0.0,1,2,4,2,4,3.0,5,3,2,2.0,4.0,5.0,4.0,4.0,5.0,5.0,4.0,3.0,2.0,2.0,4.0,2.0,4.0,2.0,2.0,2.0,2.0,2.0,2.0,2.0,2.0,2.0,4.0,5.0,4.0,4.0,2.0,2.0,4.0,3.0,4.0,3.0,2.0,2.0,4.0,2.0,4.0,2.0,2.0,2.0,2.0,2.0,4.0,2.0,4.0,2.0,2.0,2.0,2.0,2.0,4.0,3.0,4.25,4.25,2.6666666666666665,2.5,2.0,2.0,4.25,2.857142857142857,2.5,Minimal,No,Minimal,No,,2.0,0,,4.0,0,,3.0,0,,4.25,0,,4.25,0,,2.6666666666666665,0,,2.5,0,,2.0,0,,2.0,0,,4.25,0,,2.857142857142857,0,,2.5,0,
2026-04-08 16:49:27,38,Male,Orthopaedics,Assistant Professor,Several days,Not at all,Not at all,Several days,Not at all,Not at all,Not at all,Several days,Not at all,Not at all,Not at all,Not at all,Several days,Several days,Not at all,Not at all,Strongly Agree,Strongly Agree,Agree,Neutral,Disagree,Agree,Strongly Disagree,Strongly Disagree,Strongly Disagree,Strongly Disagree,Agree,Strongly Disagree,Strongly Disagree,Strongly Agree,Agree,Strongly Disagree,Strongly Agree,Agree,Strongly Disagree,Strongly Disagree,Disagree,Strongly Disagree,Strongly Disagree,Strongly Disagree,Strongly Disagree,Strongly Disagree,Strongly Disagree,Strongly Disagree,Strongly Disagree,Disagree,Strongly Disagree,Strongly Agree,Strongly Agree,Strongly Agree,Agree,Neutral,Desired,Strongly Desired,Strongly not desired,Strongly Desired,Not desired,Strongly not desired,Agree,Agree,Agree,Agree,Strongly agree,Strongly agree,Strongly agree,Strongly Disagree,Agree,Agree,Strongly agree,Strongly agree,Agree,Agree,Neutral,Agree,1,0,0.0,1.0,0,0,0,1,0,0,0,0,1,1,0.0,0,5,5,4,3,2.0,4,1,1,1.0,5.0,4.0,5.0,5.0,5.0,4.0,5.0,5.0,4.0,1.0,5.0,2.0,1.0,1.0,1.0,1.0,1.0,1.0,1.0,1.0,2.0,1.0,5.0,5.0,5.0,4.0,3.0,4.0,5.0,1.0,5.0,2.0,1.0,2.0,4.0,4.0,4.0,1.0,5.0,1.0,1.0,4.0,2.0,5.0,1.0,4.0,2.0,3.0,2.0,3.0,2.0,2.888888888888889,4.75,4.75,3.3333333333333335,1.25,1.0,1.3333333333333333,4.75,3.0,2.8125,Minimal,No,Minimal,No,,3.0,0,,2.0,0,,2.888888888888889,0,,4.75,0,,4.75,0,,3.3333333333333335,0,,1.25,0,,1.0,0,,1.3333333333333333,0,,4.75,0,,3.0,0,,2.8125,0,
2026-04-08 17:13:31,29,Female,Ophthalmology,Junior Resident,Several days,Several days,More than half the days,Nearly everyday,Several days,Not at all,Not at all,Not at all,Not at all,Several days,Several days,Several days,Several days,Not at all,Several days,Not at all,Neutral,Agree,Strongly Agree,Neutral,Neutral,Neutral,Disagree,Disagree,Disagree,Neutral,Strongly Agree,Strongly Disagree,Strongly Disagree,Strongly Agree,Strongly Agree,Neutral,Agree,Agree,Neutral,Disagree,Disagree,Strongly Disagree,Neutral,Disagree,Disagree,Neutral,Disagree,Strongly Disagree,Strongly Disagree,Disagree,Disagree,Neutral,Strongly Agree,Strongly Agree,Agree,Desired,Strongly Desired,Strongly Desired,Strongly Desired,Strongly Desired,Neutral,Neutral,Agree,Strongly agree,Neutral,Strongly agree,Neutral,Neutral,Neutral,Neutral,Disagree,Strongly Disagree,Disagree,Strongly Disagree,Agree,Strongly agree,Agree,Disagree,1,1,2.0,3.0,1,0,0,0,0,1,1,1,1,0,1.0,0,3,4,5,3,3.0,3,2,2,2.0,3.0,5.0,5.0,5.0,5.0,5.0,3.0,4.0,4.0,3.0,4.0,2.0,1.0,3.0,2.0,2.0,3.0,2.0,1.0,1.0,2.0,2.0,3.0,5.0,5.0,4.0,4.0,5.0,5.0,5.0,5.0,3.0,3.0,2.0,5.0,3.0,5.0,3.0,3.0,3.0,3.0,2.0,5.0,2.0,5.0,4.0,1.0,2.0,4.0,8.0,5.0,3.0,4.5,4.25,3.6666666666666665,2.0,2.0,1.6666666666666667,4.25,4.285714285714286,3.25,Mild,No,Mild,No,,8.0,0,,5.0,0,,3.0,0,,4.5,0,,4.25,0,,3.6666666666666665,0,,2.0,0,,2.0,0,,1.6666666666666667,0,,4.25,0,,4.285714285714286,0,,3.25,0,
2026-04-08 19:03:32,24,Male,Not specified,Nursing Officer,Not at all,Not at all,Not at all,Not at all,Not at all,Not at all,Not at all,Not at all,Not at all,Not at all,Not at all,Not at all,Not at all,Not at all,Not at all,Not at all,Disagree,Disagree,Disagree,Disagree,Disagree,Disagree,Disagree,Disagree,Disagree,Disagree,Disagree,Disagree,Disagree,Disagree,Strongly Disagree,Disagree,Disagree,Disagree,Disagree,Disagree,Disagree,Disagree,Disagree,Disagree,Disagree,Disagree,Disagree,Disagree,Disagree,Disagree,Disagree,Disagree,Disagree,Disagree,Disagree,Not desired,Not desired,Not desired,Not desired,Not desired,Not desired,Neutral,Agree,Agree,Agree,Agree,Agree,Agree,Agree,Agree,Agree,Agree,Agree,Agree,Agree,Agree,Agree,Agree,0,0,0.0,0.0,0,0,0,0,0,0,0,0,0,0,0.0,0,2,2,2,2,2.0,2,2,2,2.0,4.0,2.0,4.0,4.0,2.0,1.0,4.0,2.0,2.0,2.0,4.0,2.0,2.0,2.0,2.0,2.0,2.0,2.0,2.0,2.0,2.0,2.0,2.0,2.0,2.0,2.0,2.0,2.0,2.0,2.0,2.0,2.0,3.0,2.0,4.0,4.0,4.0,2.0,4.0,2.0,4.0,4.0,2.0,4.0,2.0,4.0,2.0,2.0,2.0,0.0,0.0,2.0,3.5,2.25,2.6666666666666665,2.0,2.0,2.0,2.0,2.142857142857143,3.0,Minimal,No,Minimal,No,Missing in source,0.0,0,,0.0,0,,2.0,0,,3.5,0,,2.25,0,,2.6666666666666665,0,,2.0,0,,2.0,0,,2.0,0,,2.0,0,,2.142857142857143,0,,3.0,0,
2026-04-08 19:08:21,25,Female,General Medicine,Nursing Officer,Several days,Not at all,Several days,Several days,More than half the days,Not at all,Not at all,Not at all,Not at all,Over the half days,Not at all,Not at all,Several days,Not at all,Several days,Several days,Neutral,Neutral,Neutral,Agree,Neutral,Agree,Agree,Neutral,Neutral,Neutral,Agree,Neutral,Neutral,Agree,Agree,Neutral,Agree,Agree,Agree,Neutral,Agree,Neutral,Strongly Disagree,Strongly Disagree,Strongly Disagree,Strongly Disagree,Strongly Disagree,Strongly Disagree,Strongly Disagree,Strongly Disagree,Strongly Disagree,Strongly Agree,Strongly Agree,Strongly Agree,Strongly Agree,Neutral,Neutral,Desired,Neutral,Neutral,Desired,Neutral,Strongly agree,Agree,Neutral,Agree,Disagree,Neutral,Strongly agree,Agree,Neutral,Neutral,Strongly agree,Neutral,Agree,Neutral,Agree,Neutral,1,0,1.0,1.0,2,0,0,0,0,2,0,0,1,0,1.0,1,3,3,3,4,3.0,4,4,3,3.0,3.0,4.0,3.0,3.0,4.0,4.0,3.0,4.0,4.0,4.0,3.0,4.0,3.0,1.0,1.0,1.0,1.0,1.0,1.0,1.0,1.0,1.0,5.0,5.0,5.0,5.0,3.0,3.0,4.0,3.0,3.0,4.0,3.0,1.0,4.0,3.0,4.0,4.0,3.0,1.0,4.0,3.0,3.0,5.0,3.0,4.0,3.0,2.0,3.0,5.0,5.0,3.3333333333333335,3.25,3.75,3.6666666666666665,2.25,1.0,1.0,5.0,3.2857142857142856,3.125,Mild,No,Mild,No,,5.0,0,,5.0,0,,3.3333333333333335,0,,3.25,0,,3.75,0,,3.6666666666666665,0,,2.25,0,,1.0,0,,1.0,0,,5.0,0,,3.2857142857142856,0,,3.125,0,
2026-04-09 10:17:14,31,Female,General Surgery,Assistant Professor,Not at all,Not at all,Not at all,Not at all,Not at all,Not at all,Not at all,Not at all,Not at all,Not at all,Not at all,Not at all,Not at all,Not at all,Several days,Not at all,Strongly Disagree,Neutral,Strongly Disagree,Strongly Disagree,Strongly Disagree,Strongly Disagree,Strongly Disagree,Strongly Disagree,Strongly Disagree,Strongly Disagree,Agree,Strongly Disagree,Strongly Disagree,Agree,Strongly Agree,Strongly Disagree,Agree,Disagree,Disagree,Disagree,Disagree,Strongly Disagree,Strongly Disagree,Strongly Disagree,Strongly Disagree,Strongly Disagree,Strongly Disagree,Strongly Disagree,Strongly Disagree,Strongly Disagree,Strongly Disagree,Agree,Agree,Agree,Neutral,Neutral,Neutral,Desired,Strongly not desired,Neutral,Strongly not desired,Strongly not desired,Strongly Disagree,Agree,Strongly Disagree,Strongly agree,Strongly agree,Strongly agree,Neutral,Disagree,Agree,Disagree,Strongly agree,Agree,Strongly agree,Agree,Disagree,Strongly Disagree,0,0,0.0,0.0,0,0,0,0,0,0,0,0,0,0,1.0,0,1,3,1,1,1.0,1,1,1,1.0,5.0,4.0,5.0,5.0,4.0,5.0,5.0,4.0,2.0,2.0,4.0,2.0,1.0,1.0,1.0,1.0,1.0,1.0,1.0,1.0,1.0,1.0,4.0,4.0,4.0,3.0,3.0,3.0,4.0,1.0,3.0,1.0,1.0,5.0,4.0,1.0,5.0,1.0,5.0,3.0,2.0,4.0,4.0,5.0,2.0,5.0,2.0,4.0,5.0,0.0,1.0,1.2222222222222223,4.75,4.5,2.6666666666666665,1.25,1.0,1.0,3.75,2.2857142857142856,3.5625,Minimal,No,Minimal,No,,0.0,0,,1.0,0,,1.2222222222222223,0,,4.75,0,,4.5,0,,2.6666666666666665,0,,1.25,0,,1.0,0,,1.0,0,,3.75,0,,2.2857142857142856,0,,3.5625,0,
2026-04-09 10:30:33,33,Male,Orthopaedics,Senior Resident,Not at all,Not at all,Several days,Several days,Not at all,Not at all,Several days,Not at all,Not at all,Several days,Several days,Several days,Several days,Several days,Several days,Not at all,Disagree,Neutral,Agree,Disagree,Strongly Agree,Agree,Disagree,Disagree,Agree,Disagree,Agree,Disagree,Disagree,Agree,Agree,Disagree,Agree,Disagree,Disagree,Disagree,Agree,Disagree,Neutral,Disagree,Disagree,Disagree,Disagree,Disagree,Disagree,Agree,Neutral,Agree,Agree,Agree,Agree,Desired,Strongly Desired,Desired,Desired,Desired,Strongly not desired,Strongly not desired,Agree,Agree,Agree,Agree,Agree,Agree,Agree,Strongly Disagree,Neutral,Disagree,Agree,Neutral,Strongly agree,Disagree,Disagree,Agree,0,0,1.0,1.0,0,0,1,0,0,1,1,1,1,1,1.0,0,2,3,4,2,5.0,4,2,2,4.0,4.0,4.0,4.0,4.0,4.0,4.0,4.0,4.0,2.0,2.0,4.0,4.0,2.0,3.0,2.0,2.0,2.0,2.0,2.0,2.0,4.0,3.0,4.0,4.0,4.0,4.0,4.0,5.0,4.0,4.0,4.0,1.0,1.0,2.0,4.0,4.0,4.0,2.0,4.0,2.0,1.0,3.0,4.0,4.0,3.0,5.0,4.0,4.0,2.0,3.0,6.0,3.111111111111111,4.0,4.0,2.6666666666666665,2.75,2.0,3.0,4.0,3.2857142857142856,3.25,Minimal,No,Mild,No,,3.0,0,,6.0,0,,3.111111111111111,0,,4.0,0,,4.0,0,,2.6666666666666665,0,,2.75,0,,2.0,0,,3.0,0,,4.0,0,,3.2857142857142856,0,,3.25,0,
2026-04-09 10:36:54,27,Female,Orthopaedics,Senior Resident,Not at all,Not at all,Not at all,Not at all,Not at all,Not at all,Not at all,Not at all,Not at all,Not at all,Not at all,Not at all,Not at all,Several days,Several days,Not at all,Agree,Strongly Agree,Disagree,Strongly Disagree,Strongly Disagree,Disagree,Strongly Disagree,Strongly Disagree,Strongly Disagree,Strongly Disagree,Agree,Strongly Disagree,Strongly Disagree,Strongly Agree,Strongly Agree,Disagree,Agree,Strongly Agree,Agree,Disagree,Disagree,Disagree,Strongly Disagree,Strongly Disagree,Strongly Disagree,Strongly Disagree,Strongly Disagree,Strongly Disagree,Strongly Disagree,Strongly Disagree,Disagree,Agree,Strongly Agree,Strongly Agree,Agree,Not desired,Desired,Strongly Desired,Desired,Desired,Not desired,Strongly not desired,Strongly agree,Disagree,Disagree,Disagree,Strongly agree,Disagree,Agree,Disagree,Disagree,Agree,Neutral,Strongly agree,Disagree,Agree,Neutral,Neutral,0,0,0.0,0.0,0,0,0,0,0,0,0,0,0,1,1.0,0,4,5,2,1,1.0,2,1,1,1.0,5.0,4.0,5.0,5.0,5.0,5.0,4.0,4.0,5.0,4.0,4.0,2.0,2.0,1.0,1.0,1.0,1.0,1.0,1.0,1.0,1.0,2.0,4.0,5.0,5.0,4.0,2.0,4.0,5.0,4.0,4.0,2.0,1.0,1.0,2.0,2.0,2.0,1.0,2.0,2.0,2.0,2.0,2.0,3.0,1.0,2.0,2.0,3.0,3.0,0.0,2.0,2.0,4.75,4.5,4.333333333333333,1.5,1.0,1.3333333333333333,4.5,3.142857142857143,2.0,Minimal,No,Minimal,No,,0.0,0,,2.0,0,,2.0,0,,4.75,0,,4.5,0,,4.333333333333333,0,,1.5,0,,1.0,0,,1.3333333333333333,0,,4.5,0,,3.142857142857143,0,,2.0,0,
2026-04-09 12:54:57,32,Female,Pediatrics,Senior Resident,Not at all,Several days,Several days,,Several days,Not at all,Not at all,Not at all,Not at all,Several days,Several days,Several days,Several days,Several days,Several days,Not at all,Disagree,Neutral,Agree,Disagree,Strongly Agree,Agree,Disagree,Disagree,Neutral,Disagree,Agree,Disagree,Disagree,Neutral,Agree,Neutral,Agree,Disagree,Disagree,Disagree,Agree,Disagree,Disagree,Neutral,Disagree,Disagree,Disagree,Disagree,Disagree,Disagree,Disagree,Agree,Agree,Agree,Agree,Neutral,Desired,Desired,Not desired,Not desired,Not desired,Not desired,Agree,Disagree,Neutral,Disagree,Neutral,Disagree,Agree,Disagree,Disagree,Agree,Neutral,Agree,Strongly agree,Neutral,Agree,Neutral,0,1,1.0,,1,0,0,0,0,1,1,1,1,1,1.0,0,2,3,4,2,5.0,4,2,2,3.0,4.0,4.0,4.0,4.0,3.0,4.0,3.0,4.0,2.0,2.0,4.0,4.0,2.0,2.0,3.0,2.0,2.0,2.0,2.0,2.0,2.0,2.0,4.0,4.0,4.0,4.0,3.0,4.0,4.0,2.0,2.0,2.0,2.0,2.0,2.0,3.0,2.0,3.0,2.0,2.0,2.0,2.0,2.0,3.0,2.0,5.0,3.0,2.0,3.0,3.375,6.0,3.0,4.0,3.5,2.6666666666666665,2.75,2.0,2.0,4.0,2.7142857142857144,2.5,Minimal,No,Mild,No,,,1,Person-mean imputed,6.0,0,,3.0,0,,4.0,0,,3.5,0,,2.6666666666666665,0,,2.75,0,,2.0,0,,2.0,0,,4.0,0,,2.7142857142857144,0,,2.5,0,
2026-04-09 16:11:11,30,Male,Cardiology,Junior Resident,Nearly everyday,More than half the days,Several days,Several days,Not at all,Several days,More than half the days,Several days,Not at all,Several days,Nearly everyday,Several days,Over the half days,Not at all,Several days,Not at all,Strongly Disagree,Strongly Disagree,Strongly Disagree,Strongly Disagree,Strongly Disagree,Strongly Disagree,Strongly Disagree,Strongly Disagree,Agree,Agree,Strongly Disagree,Neutral,Disagree,Agree,Agree,Strongly Disagree,Agree,Strongly Disagree,Strongly Disagree,Agree,Disagree,Disagree,Disagree,Disagree,Disagree,Strongly Disagree,Strongly Disagree,Strongly Disagree,Disagree,Neutral,Disagree,Disagree,Disagree,Disagree,Disagree,Neutral,Desired,Not desired,Not desired,Not desired,Strongly not desired,Strongly not desired,Disagree,Strongly Disagree,Agree,Strongly Disagree,Agree,Neutral,Agree,Agree,Agree,Agree,Agree,Strongly Disagree,Agree,Strongly agree,Strongly agree,Agree,3,2,1.0,1.0,0,1,2,1,0,1,3,1,2,0,1.0,0,1,1,1,1,1.0,1,1,1,4.0,2.0,1.0,3.0,4.0,4.0,4.0,5.0,4.0,1.0,1.0,2.0,2.0,2.0,2.0,2.0,2.0,1.0,1.0,1.0,2.0,3.0,2.0,2.0,2.0,2.0,2.0,3.0,4.0,2.0,2.0,2.0,1.0,1.0,4.0,1.0,4.0,1.0,2.0,3.0,2.0,4.0,4.0,2.0,4.0,5.0,4.0,1.0,1.0,2.0,11.0,8.0,1.3333333333333333,2.5,4.25,1.3333333333333333,2.0,1.25,2.3333333333333335,2.0,2.142857142857143,2.75,Moderate,Yes,Mild,No,,11.0,0,,8.0,0,,1.3333333333333333,0,,2.5,0,,4.25,0,,1.3333333333333333,0,,2.0,0,,1.25,0,,2.3333333333333335,0,,2.0,0,,2.142857142857143,0,,2.75,0,
2026-04-09 18:40:38,36,Male,Neurosurgery,Assistant Professor,Not at all,Not at all,Not at all,Several days,Not at all,Several days,Several days,Not at all,Not at all,Not at all,Not at all,Not at all,Not at all,Not at all,Not at all,Not at all,Strongly Agree,Strongly Agree,Strongly Disagree,Agree,Disagree,Disagree,Strongly Disagree,Strongly Disagree,Strongly Disagree,Disagree,Strongly Agree,Strongly Disagree,Agree,Strongly Agree,Agree,Strongly Disagree,Strongly Agree,Disagree,Disagree,Disagree,Disagree,Disagree,Strongly Disagree,Strongly Disagree,Strongly Disagree,Strongly Disagree,Strongly Disagree,Strongly Disagree,Strongly Disagree,Strongly Disagree,Strongly Disagree,Agree,Strongly Agree,Strongly Agree,Strongly Agree,Desired,Strongly not desired,Strongly Desired,Not desired,Desired,Strongly not desired,Strongly not desired,Agree,Disagree,Strongly Disagree,Agree,Strongly agree,Disagree,Strongly agree,Strongly Disagree,Strongly Disagree,Neutral,Strongly Disagree,Strongly agree,Disagree,Strongly agree,Agree,Strongly agree,0,0,0.0,1.0,0,1,1,0,0,0,0,0,0,0,0.0,0,5,5,1,4,2.0,2,1,1,1.0,4.0,5.0,5.0,2.0,5.0,4.0,5.0,5.0,2.0,2.0,4.0,2.0,2.0,1.0,1.0,1.0,1.0,1.0,1.0,1.0,1.0,1.0,4.0,5.0,5.0,5.0,4.0,1.0,5.0,2.0,4.0,1.0,1.0,2.0,2.0,1.0,4.0,1.0,2.0,1.0,1.0,1.0,3.0,1.0,1.0,2.0,1.0,2.0,1.0,3.0,0.0,2.4444444444444446,4.0,4.75,2.6666666666666665,1.5,1.0,1.0,4.75,2.5714285714285716,1.625,Minimal,No,Minimal,No,,3.0,0,,0.0,0,,2.4444444444444446,0,,4.0,0,,4.75,0,,2.6666666666666665,0,,1.5,0,,1.0,0,,1.0,0,,4.75,0,,2.5714285714285716,0,,1.625,0,
2026-04-09 18:44:07,34,Male,Neurosurgery,Senior Resident,Not at all,Not at all,Not at all,Not at all,Not at all,Not at all,Not at all,Not at all,Not at all,Not at all,Not at all,Not at all,Not at all,Not at all,Over the half days,Not at all,Strongly Disagree,Strongly Disagree,Strongly Disagree,Strongly Disagree,Strongly Disagree,Strongly Disagree,Strongly Disagree,Strongly Disagree,Strongly Disagree,Disagree,Agree,Disagree,Strongly Disagree,Strongly Agree,Strongly Agree,Strongly Disagree,Agree,Disagree,Disagree,Disagree,Disagree,Disagree,Strongly Disagree,Strongly Disagree,Strongly Disagree,Strongly Disagree,Strongly Disagree,Strongly Disagree,Strongly Disagree,Neutral,Strongly Disagree,Agree,Agree,Agree,Strongly Agree,Not desired,Not desired,Desired,Strongly not desired,Strongly Desired,Strongly not desired,Strongly not desired,Agree,Strongly Disagree,Strongly Disagree,Agree,Agree,Strongly Disagree,Strongly agree,Strongly Disagree,Strongly Disagree,Neutral,Strongly Disagree,Strongly agree,Disagree,Strongly agree,Agree,Agree,0,0,0.0,0.0,0,0,0,0,0,0,0,0,0,0,2.0,0,1,1,1,1,1.0,1,1,1,1.0,4.0,4.0,4.0,5.0,5.0,5.0,5.0,4.0,2.0,2.0,4.0,2.0,2.0,1.0,1.0,1.0,1.0,1.0,1.0,1.0,3.0,1.0,4.0,4.0,4.0,5.0,2.0,2.0,4.0,1.0,5.0,1.0,1.0,2.0,1.0,1.0,4.0,2.0,1.0,1.0,1.0,1.0,3.0,1.0,1.0,2.0,1.0,2.0,2.0,0.0,2.0,1.0,4.25,4.75,2.6666666666666665,1.5,1.0,1.6666666666666667,4.25,2.2857142857142856,1.625,Minimal,No,Minimal,No,,0.0,0,,2.0,0,,1.0,0,,4.25,0,,4.75,0,,2.6666666666666665,0,,1.5,0,,1.0,0,,1.6666666666666667,0,,4.25,0,,2.2857142857142856,0,,1.625,0,
2026-04-09 18:48:25,34,Male,Neurosurgery,Senior Resident,Several days,Not at all,Not at all,Several days,Not at all,Not at all,Several days,Not at all,Not at all,Several days,Not at all,Not at all,Over the half days,Not at all,Several days,Not at all,Agree,Agree,Strongly Agree,Neutral,Agree,Strongly Disagree,Strongly Disagree,Strongly Disagree,Strongly Disagree,Disagree,Agree,Strongly Disagree,Strongly Disagree,Agree,Strongly Agree,Disagree,Strongly Agree,Disagree,Disagree,Neutral,Disagree,Strongly Disagree,Strongly Disagree,Strongly Disagree,Strongly Disagree,Strongly Disagree,Strongly Disagree,Strongly Disagree,Strongly Disagree,Disagree,Strongly Disagree,Agree,Agree,Strongly Agree,Strongly Agree,Desired,Not desired,Desired,Not desired,Desired,Strongly not desired,Strongly not desired,Agree,Disagree,Disagree,Agree,Agree,Agree,Agree,Disagree,Neutral,Disagree,Neutral,Strongly agree,Neutral,Agree,Neutral,Neutral,1,0,0.0,1.0,0,0,1,0,0,1,0,0,2,0,1.0,0,4,4,5,3,4.0,1,1,1,1.0,4.0,4.0,5.0,5.0,4.0,5.0,4.0,5.0,2.0,2.0,3.0,2.0,1.0,1.0,1.0,1.0,1.0,1.0,1.0,1.0,2.0,1.0,4.0,4.0,5.0,5.0,4.0,2.0,4.0,2.0,4.0,1.0,1.0,2.0,2.0,2.0,4.0,2.0,4.0,2.0,2.0,3.0,4.0,3.0,1.0,3.0,2.0,3.0,3.0,3.0,4.0,2.6666666666666665,4.5,4.5,2.3333333333333335,1.25,1.0,1.3333333333333333,4.5,2.5714285714285716,2.625,Minimal,No,Minimal,No,,3.0,0,,4.0,0,,2.6666666666666665,0,,4.5,0,,4.5,0,,2.3333333333333335,0,,1.25,0,,1.0,0,,1.3333333333333333,0,,4.5,0,,2.5714285714285716,0,,2.625,0,
2026-04-10 11:17:31,27,Male,Orthopaedics,Post Graduate,Several days,Several days,Not at all,Several days,Not at all,Not at all,Not at all,Not at all,Not at all,Several days,Not at all,Several days,Not at all,Not at all,Several days,Not at all,Agree,Agree,Agree,Neutral,Agree,Strongly Disagree,Strongly Disagree,Neutral,Strongly Disagree,Disagree,Agree,Disagree,Disagree,Agree,Agree,Neutral,Strongly Agree,Disagree,Disagree,Disagree,Agree,Disagree,Disagree,Disagree,Disagree,Disagree,Disagree,Disagree,Disagree,Disagree,Disagree,Agree,Agree,Agree,Agree,Strongly Desired,Desired,Desired,Not desired,Desired,Not desired,Not desired,Disagree,Agree,Agree,Agree,Agree,Agree,Neutral,Neutral,Agree,Disagree,Agree,Disagree,Agree,Agree,Agree,Disagree,1,1,0.0,1.0,0,0,0,0,0,1,0,1,0,0,1.0,0,4,4,4,3,4.0,1,1,3,1.0,4.0,4.0,4.0,4.0,4.0,4.0,3.0,5.0,2.0,2.0,4.0,4.0,2.0,2.0,2.0,2.0,2.0,2.0,2.0,2.0,2.0,2.0,4.0,4.0,4.0,4.0,5.0,4.0,4.0,2.0,4.0,2.0,2.0,4.0,4.0,4.0,4.0,2.0,4.0,3.0,3.0,4.0,4.0,4.0,4.0,4.0,2.0,2.0,4.0,3.0,3.0,2.7777777777777777,4.0,4.0,2.6666666666666665,2.5,2.0,2.0,4.0,3.2857142857142856,3.5,Minimal,No,Minimal,No,,3.0,0,,3.0,0,,2.7777777777777777,0,,4.0,0,,4.0,0,,2.6666666666666665,0,,2.5,0,,2.0,0,,2.0,0,,4.0,0,,3.2857142857142856,0,,3.5,0,
2026-04-10 11:40:26,30,Male,Pediatrics,Senior Resident,More than half the days,More than half the days,More than half the days,More than half the days,Not at all,More than half the days,Not at all,More than half the days,More than half the days,Over the half days,Over the half days,Over the half days,Over the half days,Over the half days,,Over the half days,Neutral,Neutral,Neutral,Neutral,Neutral,Neutral,Neutral,Neutral,Neutral,Neutral,Neutral,Neutral,Neutral,Neutral,Neutral,Neutral,Neutral,Neutral,Neutral,Neutral,Neutral,Neutral,Neutral,Neutral,Neutral,Neutral,Neutral,Neutral,Neutral,Neutral,Neutral,Neutral,Neutral,Neutral,Neutral,Neutral,Neutral,Neutral,Neutral,Neutral,Neutral,Neutral,Neutral,Neutral,Neutral,Neutral,Neutral,Neutral,Neutral,Neutral,Neutral,Neutral,Neutral,Neutral,Neutral,Neutral,Neutral,Neutral,2,2,2.0,2.0,0,2,0,2,2,2,2,2,2,2,,2,3,3,3,3,3.0,3,3,3,3.0,3.0,3.0,3.0,3.0,3.0,3.0,3.0,3.0,3.0,3.0,3.0,3.0,3.0,3.0,3.0,3.0,3.0,3.0,3.0,3.0,3.0,3.0,3.0,3.0,3.0,3.0,3.0,3.0,3.0,3.0,3.0,3.0,3.0,3.0,3.0,3.0,3.0,3.0,3.0,3.0,3.0,3.0,3.0,3.0,3.0,3.0,3.0,3.0,3.0,14.0,14.0,3.0,3.0,3.0,3.0,3.0,3.0,3.0,3.0,3.0,3.0,Moderate,Yes,Moderate,Yes,,14.0,0,,,1,Person-mean imputed,3.0,0,,3.0,0,,3.0,0,,3.0,0,,3.0,0,,3.0,0,,3.0,0,,3.0,0,,3.0,0,,3.0,0,
2026-04-10 14:54:58,28,Male,Orthopaedics,Post Graduate,More than half the days,Not at all,Not at all,Not at all,Not at all,Not at all,Not at all,Not at all,Not at all,Not at all,Not at all,Not at all,Not at all,Not at all,Not at all,Not at all,Strongly Disagree,Neutral,Strongly Disagree,Strongly Disagree,Strongly Disagree,Strongly Disagree,Strongly Disagree,Strongly Disagree,Strongly Disagree,Strongly Disagree,Agree,Strongly Disagree,Strongly Disagree,Strongly Disagree,Neutral,Strongly Disagree,Agree,Agree,Agree,Neutral,Strongly Disagree,Strongly Disagree,Strongly Disagree,Strongly Disagree,Disagree,Disagree,Disagree,Strongly Disagree,Strongly Disagree,Neutral,Neutral,Disagree,Agree,Neutral,Agree,Neutral,Neutral,Neutral,Neutral,Neutral,Neutral,Neutral,Strongly agree,Disagree,Disagree,Disagree,Agree,Neutral,Agree,Disagree,Disagree,Agree,Disagree,Agree,Disagree,Agree,Agree,Agree,2,0,0.0,0.0,0,0,0,0,0,0,0,0,0,0,0.0,0,1,3,1,1,1.0,1,1,1,1.0,5.0,4.0,5.0,5.0,1.0,3.0,5.0,4.0,4.0,4.0,3.0,1.0,1.0,1.0,1.0,2.0,2.0,2.0,1.0,1.0,3.0,3.0,2.0,4.0,3.0,4.0,3.0,3.0,3.0,3.0,3.0,3.0,3.0,1.0,2.0,2.0,2.0,2.0,3.0,2.0,2.0,2.0,2.0,2.0,2.0,2.0,2.0,2.0,2.0,2.0,0.0,1.2222222222222223,4.75,3.25,3.6666666666666665,1.0,1.75,2.3333333333333335,3.25,3.0,2.0,Minimal,No,Minimal,No,,2.0,0,,0.0,0,,1.2222222222222223,0,,4.75,0,,3.25,0,,3.6666666666666665,0,,1.0,0,,1.75,0,,2.3333333333333335,0,,3.25,0,,3.0,0,,2.0,0,
2026-04-10 15:03:16,29,Female,Dermatology,Senior Resident,Not at all,Not at all,Not at all,Several days,Not at all,Several days,Several days,Not at all,Several days,Not at all,Several days,Several days,Over the half days,Not at all,Several days,Not at all,Agree,Strongly Agree,Agree,Strongly Agree,Neutral,Disagree,Disagree,Strongly Disagree,Neutral,Agree,Neutral,Neutral,Agree,Agree,Disagree,,Agree,Neutral,Disagree,Agree,,,,,,,,,,,,,,,,,,,,,,,,,,,,,,,,,,,,,,,0,0,0.0,1.0,0,1,1,0,1,0,1,1,2,0,1.0,0,4,5,4,5,3.0,2,2,1,3.0,2.0,3.0,3.0,2.0,4.0,2.0,,4.0,3.0,2.0,2.0,,,,,,,,,,,,,,,,,,,,,,,,,,,,,,,,,,,,,,,4.0,5.0,3.2222222222222223,2.5,3.3333333333333335,2.3333333333333335,2.5,1.75,2.0,4.0,3.2857142857142856,2.8125,Minimal,No,Mild,No,,4.0,0,,5.0,0,,3.2222222222222223,0,,2.5,0,,3.3333333333333335,1,Person-mean imputed,2.3333333333333335,0,,,4,Scale-median imputed; source had >20% missing items,,4,Scale-median imputed; source had >20% missing items,,3,Scale-median imputed; source had >20% missing items,,4,Scale-median imputed; source had >20% missing items,,7,Scale-median imputed; source had >20% missing items,,16,Scale-median imputed; source had >20% missing items
2026-04-10 15:04:57,35,Male,Orthopaedics,Senior Resident,Not at all,Not at all,More than half the days,Several days,Not at all,Several days,Several days,More than half the days,Not at all,Over the half days,Several days,Several days,Several days,Several days,Several days,Several days,Strongly Agree,Agree,Neutral,Neutral,Agree,Agree,Agree,Neutral,Strongly Agree,Agree,Strongly Agree,Strongly Disagree,Neutral,Agree,Strongly Agree,Disagree,Neutral,Agree,Agree,Neutral,Disagree,Disagree,Neutral,Neutral,Strongly Agree,Strongly Agree,Strongly Agree,Neutral,Strongly Agree,Strongly Agree,Strongly Agree,Strongly Agree,Strongly Agree,Disagree,Neutral,Desired,Desired,Desired,Strongly Desired,Desired,Desired,Desired,Agree,Agree,Disagree,Strongly agree,Agree,Neutral,Agree,Agree,Agree,Neutral,Agree,Disagree,Agree,Agree,Agree,Agree,0,0,2.0,1.0,0,1,1,2,0,2,1,1,1,1,1.0,1,5,4,3,3,4.0,4,4,3,5.0,2.0,5.0,5.0,3.0,4.0,5.0,4.0,3.0,4.0,4.0,3.0,2.0,2.0,3.0,3.0,5.0,5.0,5.0,3.0,5.0,5.0,5.0,5.0,5.0,2.0,3.0,4.0,4.0,4.0,5.0,4.0,4.0,4.0,2.0,4.0,2.0,5.0,2.0,3.0,2.0,4.0,4.0,3.0,4.0,4.0,4.0,2.0,2.0,2.0,7.0,8.0,3.888888888888889,3.75,4.0,3.6666666666666665,2.5,4.5,5.0,3.75,4.142857142857143,3.0625,Mild,No,Mild,No,,7.0,0,,8.0,0,,3.888888888888889,0,,3.75,0,,4.0,0,,3.6666666666666665,0,,2.5,0,,4.5,0,,5.0,0,,3.75,0,,4.142857142857143,0,,3.0625,0,
2026-04-10 15:19:19,30,Female,General Surgery,Nursing Officer,Not at all,Not at all,Several days,More than half the days,Not at all,Nearly everyday,Nearly everyday,Several days,Not at all,Not at all,Not at all,Not at all,Not at all,Not at all,Several days,Not at all,Strongly Disagree,Strongly Disagree,Strongly Disagree,Strongly Disagree,Strongly Disagree,Strongly Disagree,Strongly Disagree,Strongly Disagree,Strongly Disagree,Strongly Disagree,Strongly Agree,Strongly Disagree,Strongly Disagree,Strongly Disagree,Strongly Agree,Strongly Disagree,Agree,Disagree,Disagree,Neutral,Disagree,Strongly Disagree,Strongly Disagree,Strongly Disagree,Strongly Disagree,Strongly Disagree,Strongly Disagree,Strongly Disagree,Disagree,Strongly Disagree,Strongly Disagree,Agree,Strongly Agree,Strongly Agree,Agree,Strongly Desired,Desired,Strongly Desired,Strongly not desired,Strongly not desired,Not desired,Strongly not desired,Agree,Disagree,Neutral,Strongly Disagree,Strongly agree,Strongly agree,Strongly agree,Strongly agree,Strongly Disagree,Strongly agree,Strongly agree,Strongly agree,Strongly Disagree,Strongly agree,Neutral,Strongly agree,0,0,1.0,2.0,0,3,3,1,0,0,0,0,0,0,1.0,0,1,1,1,1,1.0,1,1,1,1.0,5.0,5.0,5.0,5.0,1.0,5.0,5.0,4.0,2.0,2.0,3.0,2.0,1.0,1.0,1.0,1.0,1.0,1.0,1.0,2.0,1.0,1.0,4.0,5.0,5.0,4.0,5.0,4.0,5.0,1.0,1.0,2.0,1.0,2.0,2.0,3.0,1.0,1.0,5.0,1.0,5.0,1.0,1.0,5.0,1.0,1.0,1.0,3.0,1.0,10.0,1.0,1.0,5.0,3.75,2.3333333333333335,1.25,1.0,1.3333333333333333,4.5,2.7142857142857144,2.125,Moderate,Yes,Minimal,No,,10.0,0,,1.0,0,,1.0,0,,5.0,0,,3.75,0,,2.3333333333333335,0,,1.25,0,,1.0,0,,1.3333333333333333,0,,4.5,0,,2.7142857142857144,0,,2.125,0,
2026-04-10 15:24:46,38,Female,Not specified,Nurse,Several days,Several days,Not at all,Several days,Not at all,Several days,Several days,Not at all,Not at all,Not at all,Several days,Several days,Several days,Several days,Not at all,Several days,Agree,Disagree,Agree,Agree,Agree,Agree,Agree,Strongly Disagree,Strongly Disagree,Disagree,Agree,Disagree,Disagree,Agree,Agree,Disagree,Agree,Disagree,Disagree,Neutral,Agree,Disagree,Disagree,Disagree,Disagree,Disagree,Disagree,Disagree,Disagree,Disagree,Disagree,Agree,Agree,Agree,Agree,Not desired,Not desired,Strongly Desired,Strongly Desired,Strongly Desired,Strongly Desired,Desired,Strongly agree,Disagree,Disagree,Disagree,Strongly agree,Disagree,Agree,Agree,Disagree,Agree,Agree,Disagree,Agree,Agree,Neutral,Neutral,1,1,0.0,1.0,0,1,1,0,0,0,1,1,1,1,0.0,1,4,2,4,4,4.0,4,4,1,1.0,4.0,4.0,4.0,4.0,4.0,4.0,4.0,4.0,2.0,2.0,3.0,4.0,2.0,2.0,2.0,2.0,2.0,2.0,2.0,2.0,2.0,2.0,4.0,4.0,4.0,4.0,2.0,2.0,5.0,5.0,5.0,5.0,4.0,1.0,2.0,2.0,2.0,1.0,2.0,2.0,4.0,2.0,2.0,4.0,4.0,4.0,2.0,3.0,3.0,5.0,5.0,3.111111111111111,4.0,4.0,2.3333333333333335,2.5,2.0,2.0,4.0,4.0,2.5,Mild,No,Mild,No,Missing in source,5.0,0,,5.0,0,,3.111111111111111,0,,4.0,0,,4.0,0,,2.3333333333333335,0,,2.5,0,,2.0,0,,2.0,0,,4.0,0,,4.0,0,,2.5,0,
2026-04-10 15:25:50,32,Female,Not specified,Nurse,Not at all,Several days,,,Not at all,Not at all,Not at all,Not at all,Not at all,Several days,Not at all,Not at all,Not at all,Not at all,Not at all,Several days,Disagree,Agree,Agree,Agree,Disagree,Strongly Agree,Disagree,Disagree,Disagree,Disagree,Agree,Disagree,Disagree,Agree,Agree,Disagree,Agree,Disagree,Disagree,Agree,Disagree,Disagree,Disagree,Disagree,Disagree,Disagree,Disagree,Disagree,Disagree,Disagree,Disagree,Strongly Agree,Strongly Agree,Strongly Agree,Strongly Agree,Strongly Desired,Strongly Desired,Desired,Not desired,Desired,Not desired,Not desired,Strongly agree,Disagree,Disagree,Agree,Agree,Neutral,Strongly agree,Disagree,Agree,Disagree,Disagree,Strongly agree,Agree,Agree,Agree,Agree,0,1,,,0,0,0,0,0,1,0,0,0,0,0.0,1,2,4,4,4,2.0,5,2,2,2.0,4.0,4.0,4.0,4.0,4.0,4.0,4.0,4.0,2.0,2.0,2.0,2.0,2.0,2.0,2.0,2.0,2.0,2.0,2.0,2.0,2.0,2.0,5.0,5.0,5.0,5.0,5.0,5.0,4.0,2.0,4.0,2.0,2.0,1.0,2.0,2.0,4.0,2.0,3.0,1.0,2.0,4.0,4.0,2.0,1.0,4.0,2.0,2.0,2.0,3.0,2.0,3.0,4.0,4.0,2.0,2.0,2.0,2.0,5.0,3.4285714285714284,2.375,Minimal,No,Minimal,No,Missing in source,,2,Scale-median imputed; source had >20% missing items,2.0,0,,3.0,0,,4.0,0,,4.0,0,,2.0,0,,2.0,0,,2.0,0,,2.0,0,,5.0,0,,3.4285714285714284,0,,2.375,0,
2026-04-10 15:30:18,34,Female,Pediatrics,Assistant Professor,Not at all,Not at all,Not at all,Not at all,Not at all,Not at all,Not at all,Not at all,Not at all,Several days,Not at all,Not at all,Not at all,Not at all,Not at all,Not at all,Strongly Disagree,Strongly Disagree,Strongly Disagree,Strongly Disagree,Disagree,Disagree,Strongly Disagree,Strongly Disagree,Strongly Disagree,Strongly Disagree,Neutral,Strongly Disagree,Strongly Disagree,Agree,Agree,Strongly Disagree,Strongly Disagree,Agree,Agree,Disagree,Strongly Disagree,Strongly Disagree,Strongly Disagree,Strongly Disagree,Strongly Disagree,Strongly Disagree,Strongly Disagree,Strongly Disagree,Strongly Disagree,Strongly Disagree,Disagree,Agree,Agree,Agree,Agree,Desired,Strongly Desired,Strongly Desired,Desired,Desired,Strongly Desired,Neutral,Agree,Neutral,Disagree,Strongly Disagree,Agree,Disagree,Agree,Disagree,Neutral,Agree,Disagree,Neutral,Disagree,Agree,Agree,Agree,0,0,0.0,0.0,0,0,0,0,0,1,0,0,0,0,0.0,0,1,1,1,1,2.0,2,1,1,1.0,5.0,3.0,5.0,5.0,4.0,4.0,5.0,1.0,4.0,4.0,4.0,1.0,1.0,1.0,1.0,1.0,1.0,1.0,1.0,1.0,1.0,2.0,4.0,4.0,4.0,4.0,4.0,5.0,5.0,4.0,4.0,5.0,3.0,2.0,3.0,2.0,1.0,2.0,2.0,2.0,2.0,3.0,2.0,2.0,3.0,2.0,2.0,2.0,2.0,0.0,1.0,1.2222222222222223,4.5,3.5,4.0,1.0,1.0,1.3333333333333333,4.0,4.285714285714286,2.125,Minimal,No,Minimal,No,,0.0,0,,1.0,0,,1.2222222222222223,0,,4.5,0,,3.5,0,,4.0,0,,1.0,0,,1.0,0,,1.3333333333333333,0,,4.0,0,,4.285714285714286,0,,2.125,0,
2026-04-10 15:45:39,37,Male,Pediatrics,Assistant professor,Not at all,Not at all,Not at all,Several days,Not at all,Not at all,Not at all,Not at all,Not at all,Not at all,Not at all,Not at all,Not at all,Not at all,Several days,Not at all,Agree,Agree,Disagree,Agree,Disagree,Agree,Disagree,Disagree,Disagree,Disagree,Agree,Disagree,Disagree,Agree,Agree,Disagree,Agree,Neutral,Neutral,Neutral,Disagree,Disagree,Disagree,Disagree,Disagree,Disagree,Disagree,Disagree,Disagree,Disagree,Disagree,Agree,Agree,Agree,Agree,Not desired,Not desired,Strongly Desired,Strongly Desired,Desired,Not desired,Desired,Agree,Disagree,Disagree,Agree,Agree,Agree,Agree,Disagree,Disagree,Agree,Disagree,Strongly agree,Strongly Disagree,Strongly agree,Agree,Agree,0,0,0.0,1.0,0,0,0,0,0,0,0,0,0,0,1.0,0,4,4,2,4,2.0,4,2,2,2.0,4.0,4.0,4.0,4.0,4.0,4.0,4.0,4.0,3.0,3.0,3.0,2.0,2.0,2.0,2.0,2.0,2.0,2.0,2.0,2.0,2.0,2.0,4.0,4.0,4.0,4.0,2.0,2.0,5.0,5.0,4.0,2.0,4.0,2.0,2.0,2.0,4.0,2.0,4.0,2.0,2.0,2.0,2.0,2.0,1.0,1.0,1.0,2.0,2.0,1.0,1.0,2.888888888888889,4.0,4.0,3.0,2.0,2.0,2.0,4.0,3.4285714285714284,2.0625,Minimal,No,Minimal,No,,1.0,0,,1.0,0,,2.888888888888889,0,,4.0,0,,4.0,0,,3.0,0,,2.0,0,,2.0,0,,2.0,0,,4.0,0,,3.4285714285714284,0,,2.0625,0,
2026-04-10 15:54:41,28,Male,General Surgery,Senior Resident,Several days,Not at all,Several days,More than half the days,More than half the days,Not at all,Not at all,Not at all,Not at all,Not at all,Several days,Several days,Several days,Several days,Several days,Not at all,Agree,Agree,Agree,Agree,Agree,Neutral,Neutral,Neutral,Agree,Agree,Agree,Disagree,Disagree,Neutral,Disagree,Agree,Disagree,Disagree,Disagree,Agree,Neutral,Disagree,Agree,Neutral,Agree,Agree,Disagree,Disagree,Disagree,Disagree,Disagree,Agree,Agree,Agree,Agree,Strongly Desired,Desired,Desired,Desired,Desired,Desired,Desired,Disagree,Agree,Agree,Agree,Disagree,Strongly agree,Strongly Disagree,Agree,Strongly agree,Disagree,Agree,Disagree,Strongly agree,Neutral,Strongly Disagree,Strongly Disagree,1,0,1.0,2.0,2,0,0,0,0,0,1,1,1,1,1.0,0,4,4,4,4,4.0,3,3,3,4.0,2.0,4.0,4.0,4.0,3.0,2.0,2.0,2.0,2.0,2.0,2.0,3.0,2.0,4.0,3.0,4.0,4.0,2.0,2.0,2.0,2.0,2.0,4.0,4.0,4.0,4.0,5.0,4.0,4.0,4.0,4.0,4.0,4.0,4.0,4.0,4.0,4.0,4.0,5.0,5.0,4.0,5.0,4.0,4.0,4.0,5.0,3.0,5.0,5.0,6.0,5.0,3.6666666666666665,3.5,2.25,2.0,3.0,3.0,2.0,4.0,4.142857142857143,4.3125,Mild,No,Mild,No,,6.0,0,,5.0,0,,3.6666666666666665,0,,3.5,0,,2.25,0,,2.0,0,,3.0,0,,3.0,0,,2.0,0,,4.0,0,,4.142857142857143,0,,4.3125,0,
2026-04-10 16:39:29,28,Male,Pediatrics,Senior Resident,Not at all,Not at all,More than half the days,Several days,Several days,Not at all,Several days,Not at all,Not at all,Not at all,Not at all,Not at all,Several days,Not at all,Several days,Not at all,Agree,Disagree,Agree,Agree,Disagree,Agree,Disagree,Agree,Strongly Disagree,Disagree,Agree,Strongly Disagree,Strongly Disagree,Strongly Agree,Strongly Agree,Strongly Disagree,Strongly Agree,Disagree,Disagree,Neutral,Disagree,Strongly Disagree,Strongly Disagree,Strongly Disagree,Agree,Strongly Disagree,Strongly Disagree,Strongly Disagree,Disagree,Agree,Disagree,Agree,Agree,Strongly Agree,Agree,Desired,Strongly Desired,Strongly Desired,Not desired,Strongly Desired,Strongly not desired,Strongly not desired,Agree,Disagree,Disagree,Disagree,Agree,Strongly agree,Agree,Agree,Agree,Agree,Agree,Agree,Disagree,Agree,Strongly agree,Agree,0,0,2.0,1.0,1,0,1,0,0,0,0,0,1,0,1.0,0,4,2,4,4,2.0,4,2,4,1.0,4.0,4.0,5.0,5.0,5.0,5.0,5.0,5.0,2.0,2.0,3.0,2.0,1.0,1.0,1.0,4.0,1.0,1.0,1.0,2.0,4.0,2.0,4.0,4.0,5.0,4.0,4.0,5.0,5.0,2.0,5.0,1.0,1.0,2.0,2.0,2.0,2.0,2.0,5.0,2.0,4.0,4.0,2.0,4.0,2.0,2.0,2.0,1.0,2.0,5.0,2.0,3.0,4.5,5.0,2.3333333333333335,1.25,1.75,2.6666666666666665,4.25,3.2857142857142856,2.5,Mild,No,Minimal,No,,5.0,0,,2.0,0,,3.0,0,,4.5,0,,5.0,0,,2.3333333333333335,0,,1.25,0,,1.75,0,,2.6666666666666665,0,,4.25,0,,3.2857142857142856,0,,2.5,0,
2026-04-10 16:50:55,25,Female,General Medicine,Post Graduate,Several days,Several days,Several days,Several days,Not at all,Several days,Not at all,Several days,Several days,Nearly everyday,Nearly everyday,Nearly everyday,Nearly everyday,Several days,Several days,Several days,Agree,Agree,Agree,Strongly Agree,Strongly Agree,Neutral,Neutral,Neutral,Neutral,Neutral,Neutral,Disagree,Agree,Disagree,Disagree,Neutral,Neutral,Disagree,Strongly Disagree,Disagree,Strongly Agree,Strongly Agree,Strongly Agree,Strongly Agree,Agree,Strongly Agree,Disagree,Disagree,Neutral,Neutral,Strongly Agree,Neutral,Neutral,Neutral,Neutral,Neutral,Neutral,Strongly Desired,Strongly Desired,Strongly Desired,Strongly Desired,Strongly Desired,Neutral,Agree,Strongly agree,Strongly agree,Neutral,Neutral,Neutral,Strongly agree,Strongly agree,Strongly Disagree,Agree,Neutral,Strongly agree,,Disagree,Neutral,1,1,1.0,1.0,0,1,0,1,1,3,3,3,3,1,1.0,1,4,4,4,5,5.0,3,3,3,3.0,3.0,3.0,4.0,2.0,2.0,2.0,3.0,3.0,2.0,1.0,4.0,5.0,5.0,5.0,5.0,4.0,5.0,2.0,2.0,3.0,3.0,5.0,3.0,3.0,3.0,3.0,3.0,3.0,5.0,5.0,5.0,5.0,5.0,3.0,4.0,5.0,5.0,3.0,3.0,3.0,5.0,5.0,5.0,4.0,3.0,5.0,,4.0,3.0,7.0,15.0,3.7777777777777777,3.0,2.5,2.3333333333333335,5.0,3.25,3.6666666666666665,3.0,4.428571428571429,4.0,Mild,No,Severe,Yes,,7.0,0,,15.0,0,,3.7777777777777777,0,,3.0,0,,2.5,0,,2.3333333333333335,0,,5.0,0,,3.25,0,,3.6666666666666665,0,,3.0,0,,4.428571428571429,0,,4.0,1,Person-mean imputed
2026-04-10 20:43:22,23,Male,Not specified,Junior Resident,More than half the days,Nearly everyday,Not at all,More than half the days,Not at all,Several days,More than half the days,Several days,More than half the days,Nearly everyday,Over the half days,Over the half days,Several days,Not at all,Several days,Nearly everyday,Strongly Agree,Neutral,Agree,Agree,Disagree,Strongly Agree,Agree,Strongly Agree,Strongly Disagree,Neutral,Strongly Agree,Disagree,Strongly Disagree,Strongly Disagree,Disagree,Neutral,Neutral,Disagree,Strongly Agree,Strongly Agree,Agree,Disagree,Strongly Disagree,Agree,Disagree,Strongly Disagree,Agree,Strongly Disagree,Neutral,Disagree,Agree,Agree,Agree,Agree,Agree,Desired,Desired,Strongly Desired,Desired,Strongly Desired,Strongly Desired,Neutral,Agree,Agree,Neutral,Agree,Agree,Agree,Agree,Strongly agree,Strongly agree,Strongly Disagree,Agree,Strongly Disagree,Agree,Agree,Agree,Agree,2,3,0.0,2.0,0,1,2,1,2,3,2,2,1,0,1.0,3,5,3,4,4,2.0,5,4,5,1.0,3.0,5.0,4.0,5.0,1.0,2.0,3.0,3.0,2.0,5.0,1.0,4.0,2.0,1.0,4.0,2.0,1.0,4.0,1.0,3.0,2.0,4.0,4.0,4.0,4.0,4.0,4.0,4.0,5.0,4.0,5.0,5.0,3.0,2.0,4.0,3.0,4.0,2.0,4.0,2.0,5.0,5.0,5.0,4.0,5.0,4.0,2.0,2.0,2.0,13.0,12.0,3.6666666666666665,4.25,2.25,2.6666666666666665,2.75,2.0,3.0,4.0,4.285714285714286,3.4375,Moderate,Yes,Moderate,Yes,Missing in source,13.0,0,,12.0,0,,3.6666666666666665,0,,4.25,0,,2.25,0,,2.6666666666666665,0,,2.75,0,,2.0,0,,3.0,0,,4.0,0,,4.285714285714286,0,,3.4375,0,
2026-04-11 19:10:30,30,Female,Nephrology,Assistant Professor,Not at all,Not at all,Not at all,Several days,Not at all,Not at all,Not at all,Not at all,Not at all,Several days,Not at all,Not at all,Not at all,Not at all,Several days,Not at all,Agree,Strongly Disagree,Strongly Disagree,Neutral,Strongly Disagree,Strongly Disagree,Strongly Disagree,Strongly Disagree,Strongly Disagree,Strongly Disagree,Agree,Disagree,Strongly Disagree,Agree,Strongly Agree,Strongly Disagree,Agree,Disagree,Disagree,Neutral,Disagree,Strongly Disagree,Strongly Disagree,Strongly Disagree,Strongly Disagree,Strongly Disagree,Strongly Disagree,Strongly Disagree,Strongly Disagree,Disagree,Strongly Disagree,Agree,Agree,Strongly Agree,Agree,Desired,Strongly not desired,Desired,Not desired,Desired,Strongly not desired,Strongly not desired,Disagree,Disagree,Strongly Disagree,Neutral,Agree,Agree,Neutral,Strongly Disagree,Neutral,Agree,Agree,Agree,Neutral,Agree,Disagree,Neutral,0,0,0.0,1.0,0,0,0,0,0,1,0,0,0,0,1.0,0,4,1,1,3,1.0,1,1,1,1.0,5.0,4.0,4.0,5.0,4.0,5.0,5.0,4.0,2.0,2.0,3.0,2.0,1.0,1.0,1.0,1.0,1.0,1.0,1.0,1.0,2.0,1.0,4.0,4.0,5.0,4.0,4.0,1.0,4.0,2.0,4.0,1.0,1.0,4.0,2.0,1.0,3.0,2.0,4.0,3.0,1.0,3.0,2.0,4.0,2.0,3.0,2.0,4.0,3.0,1.0,2.0,1.5555555555555556,4.5,4.5,2.3333333333333335,1.25,1.0,1.3333333333333333,4.25,2.4285714285714284,2.6875,Minimal,No,Minimal,No,,1.0,0,,2.0,0,,1.5555555555555556,0,,4.5,0,,4.5,0,,2.3333333333333335,0,,1.25,0,,1.0,0,,1.3333333333333333,0,,4.25,0,,2.4285714285714284,0,,2.6875,0,
2026-04-12 11:54:49,31,Female,Nephrology,Assistant Professor,Not at all,Not at all,Not at all,Several days,Not at all,Not at all,Not at all,Not at all,Not at all,Not at all,Not at all,Not at all,Several days,Not at all,Not at all,Not at all,Disagree,Disagree,Disagree,Agree,Disagree,Disagree,Agree,Disagree,Disagree,Disagree,Strongly Agree,Disagree,Disagree,Strongly Agree,Strongly Agree,Disagree,Neutral,Disagree,Disagree,Neutral,Agree,Disagree,Disagree,Disagree,Disagree,Disagree,Disagree,Disagree,Disagree,Disagree,Disagree,Strongly Agree,Agree,Strongly Agree,Agree,Not desired,Not desired,Strongly Desired,Desired,Desired,Not desired,Desired,Strongly agree,Agree,Strongly Disagree,Neutral,Agree,Strongly Disagree,Strongly agree,Disagree,Strongly Disagree,Neutral,Disagree,Strongly Disagree,Neutral,Agree,Neutral,Neutral,0,0,0.0,1.0,0,0,0,0,0,0,0,0,1,0,0.0,0,2,2,2,4,2.0,2,4,2,2.0,4.0,5.0,4.0,4.0,5.0,5.0,4.0,3.0,2.0,2.0,3.0,4.0,2.0,2.0,2.0,2.0,2.0,2.0,2.0,2.0,2.0,2.0,5.0,4.0,5.0,4.0,2.0,2.0,5.0,4.0,4.0,2.0,4.0,1.0,4.0,1.0,3.0,2.0,1.0,1.0,2.0,1.0,3.0,2.0,5.0,3.0,2.0,3.0,3.0,1.0,1.0,2.4444444444444446,4.25,4.25,2.3333333333333335,2.5,2.0,2.0,4.5,3.2857142857142856,2.3125,Minimal,No,Minimal,No,,1.0,0,,1.0,0,,2.4444444444444446,0,,4.25,0,,4.25,0,,2.3333333333333335,0,,2.5,0,,2.0,0,,2.0,0,,4.5,0,,3.2857142857142856,0,,2.3125,0,
2026-04-13 15:03:54,28,Male,Emergency medicine,Post Graduate,Several days,Not at all,More than half the days,More than half the days,More than half the days,Several days,Not at all,Not at all,Not at all,Over the half days,Several days,Several days,Over the half days,Nearly everyday,Nearly everyday,Nearly everyday,Agree,Agree,Agree,Agree,Strongly Agree,Strongly Agree,Agree,Agree,Agree,Neutral,Strongly Agree,Strongly Disagree,Strongly Disagree,Strongly Agree,Strongly Agree,Strongly Disagree,Strongly Agree,Strongly Disagree,Strongly Disagree,Strongly Agree,Neutral,Neutral,Strongly Disagree,Disagree,Strongly Disagree,Agree,Strongly Disagree,Strongly Disagree,Strongly Disagree,Strongly Disagree,Strongly Disagree,Agree,Agree,Agree,Agree,Neutral,Strongly Desired,Strongly Desired,Strongly Desired,Strongly Desired,Desired,Desired,Strongly agree,Strongly agree,Neutral,Strongly agree,Neutral,Agree,Strongly agree,Strongly agree,Strongly agree,Strongly Disagree,Neutral,Strongly agree,Strongly agree,Strongly agree,Strongly agree,Strongly agree,1,0,2.0,2.0,2,1,0,0,0,2,1,1,2,3,3.0,3,4,4,4,4,5.0,5,4,4,4.0,3.0,5.0,5.0,5.0,5.0,5.0,5.0,5.0,1.0,1.0,1.0,3.0,3.0,1.0,2.0,1.0,4.0,1.0,1.0,1.0,1.0,1.0,4.0,4.0,4.0,4.0,3.0,5.0,5.0,5.0,5.0,4.0,4.0,1.0,5.0,3.0,5.0,3.0,4.0,1.0,5.0,5.0,5.0,3.0,1.0,5.0,1.0,1.0,1.0,8.0,15.0,4.222222222222222,4.5,5.0,1.0,2.25,1.75,1.0,4.0,4.428571428571429,3.0625,Mild,No,Severe,Yes,,8.0,0,,15.0,0,,4.222222222222222,0,,4.5,0,,5.0,0,,1.0,0,,2.25,0,,1.75,0,,1.0,0,,4.0,0,,4.428571428571429,0,,3.0625,0,
2026-04-13 15:07:07,29,Male,Emergency medicine,Post Graduate,Several days,Several days,More than half the days,Nearly everyday,Several days,More than half the days,Several days,Not at all,Several days,Over the half days,Over the half days,Nearly everyday,Over the half days,Over the half days,Over the half days,Over the half days,Agree,Agree,Strongly Agree,Neutral,Agree,Strongly Agree,Strongly Agree,Agree,Strongly Agree,Agree,Agree,Strongly Disagree,Disagree,Disagree,Neutral,Agree,Strongly Agree,Agree,Strongly Disagree,Agree,Neutral,Agree,Agree,Agree,Strongly Agree,Agree,Disagree,Strongly Agree,Agree,Agree,Agree,Agree,Agree,Agree,Strongly Agree,Strongly Desired,Strongly Desired,Strongly Desired,Desired,Strongly Desired,Strongly Desired,Strongly Desired,Agree,Strongly agree,Strongly agree,Agree,Neutral,Agree,Disagree,Strongly agree,Strongly agree,Disagree,Strongly agree,Strongly agree,Strongly agree,Agree,Agree,Agree,1,1,2.0,3.0,1,2,1,0,1,2,2,3,2,2,2.0,2,4,4,5,3,4.0,5,5,4,5.0,2.0,4.0,5.0,4.0,2.0,3.0,2.0,5.0,4.0,1.0,2.0,3.0,4.0,4.0,4.0,5.0,4.0,2.0,5.0,4.0,4.0,4.0,4.0,4.0,4.0,5.0,5.0,5.0,5.0,4.0,5.0,5.0,5.0,2.0,5.0,5.0,4.0,3.0,4.0,4.0,5.0,5.0,4.0,5.0,1.0,5.0,2.0,2.0,2.0,12.0,15.0,4.333333333333333,3.75,3.0,2.3333333333333335,3.75,4.0,4.0,4.25,4.857142857142857,3.625,Moderate,Yes,Severe,Yes,,12.0,0,,15.0,0,,4.333333333333333,0,,3.75,0,,3.0,0,,2.3333333333333335,0,,3.75,0,,4.0,0,,4.0,0,,4.25,0,,4.857142857142857,0,,3.625,0,
2026-04-13 15:30:00,29,Female,Ophthalmology,Senior Resident,More than half the days,Not at all,More than half the days,Several days,Not at all,Several days,Not at all,Not at all,Not at all,Not at all,Not at all,Several days,Not at all,Not at all,Not at all,Not at all,Agree,Neutral,Disagree,Strongly Disagree,Strongly Disagree,Neutral,Strongly Disagree,Strongly Disagree,Strongly Disagree,Neutral,Agree,Strongly Disagree,Strongly Disagree,Neutral,Neutral,Neutral,Agree,Agree,Agree,Disagree,Disagree,Neutral,Agree,Neutral,Agree,Disagree,Disagree,Strongly Disagree,Disagree,Agree,Agree,Neutral,Agree,Agree,Agree,Strongly Desired,Strongly Desired,Strongly Desired,Neutral,Desired,Neutral,Desired,Neutral,Agree,Neutral,Agree,Neutral,Agree,Neutral,Neutral,Agree,Disagree,Agree,Agree,Strongly agree,Disagree,Neutral,Disagree,2,0,2.0,1.0,0,1,0,0,0,0,0,1,0,0,0.0,0,4,3,2,1,1.0,3,1,1,1.0,3.0,4.0,5.0,5.0,3.0,3.0,3.0,4.0,4.0,4.0,4.0,2.0,3.0,4.0,3.0,4.0,2.0,2.0,1.0,2.0,4.0,4.0,3.0,4.0,4.0,4.0,5.0,5.0,5.0,3.0,4.0,3.0,4.0,3.0,4.0,3.0,4.0,3.0,4.0,3.0,3.0,4.0,4.0,4.0,2.0,5.0,4.0,3.0,4.0,6.0,1.0,1.8888888888888888,4.25,3.25,4.0,3.0,2.25,3.3333333333333335,3.75,4.142857142857143,3.5625,Mild,No,Minimal,No,,6.0,0,,1.0,0,,1.8888888888888888,0,,4.25,0,,3.25,0,,4.0,0,,3.0,0,,2.25,0,,3.3333333333333335,0,,3.75,0,,4.142857142857143,0,,3.5625,0,
2026-04-13 16:44:23,27,Female,Ophthalmology,Post Graduate,More than half the days,More than half the days,More than half the days,Several days,Nearly everyday,More than half the days,More than half the days,Not at all,Not at all,Nearly everyday,Nearly everyday,Over the half days,Several days,Over the half days,Nearly everyday,Nearly everyday,Agree,Agree,Neutral,Agree,Agree,Neutral,Agree,Neutral,Neutral,Strongly Disagree,Agree,Disagree,Neutral,Neutral,Agree,Neutral,Neutral,Agree,Disagree,Agree,Neutral,Neutral,Neutral,Neutral,Neutral,Neutral,Neutral,Neutral,Agree,Agree,Neutral,Neutral,Agree,Neutral,Neutral,Desired,Desired,Strongly Desired,Desired,Desired,Desired,Desired,Agree,Strongly agree,Agree,Agree,Neutral,Strongly agree,Neutral,Agree,Agree,Strongly Disagree,Neutral,Neutral,Strongly agree,Neutral,Neutral,Neutral,2,2,2.0,1.0,3,2,2,0,0,3,3,2,1,2,3.0,3,4,4,3,4,4.0,3,4,3,3.0,5.0,4.0,4.0,3.0,3.0,4.0,3.0,3.0,4.0,2.0,2.0,3.0,3.0,3.0,3.0,3.0,3.0,3.0,3.0,4.0,4.0,3.0,3.0,4.0,3.0,3.0,4.0,4.0,5.0,4.0,4.0,4.0,4.0,2.0,5.0,4.0,4.0,3.0,5.0,3.0,4.0,4.0,5.0,3.0,3.0,5.0,3.0,3.0,3.0,14.0,17.0,3.5555555555555554,4.0,3.25,2.6666666666666665,3.0,3.0,3.6666666666666665,3.25,4.142857142857143,3.6875,Moderate,Yes,Severe,Yes,,14.0,0,,17.0,0,,3.5555555555555554,0,,4.0,0,,3.25,0,,2.6666666666666665,0,,3.0,0,,3.0,0,,3.6666666666666665,0,,3.25,0,,4.142857142857143,0,,3.6875,0,
2026-04-13 16:54:13,24,Male,Not specified,Junior Resident,More than half the days,Several days,Several days,Several days,More than half the days,Not at all,Not at all,Not at all,Not at all,Several days,Not at all,Not at all,Not at all,Several days,Several days,Not at all,Agree,Neutral,Neutral,Agree,Agree,Disagree,Disagree,Disagree,Disagree,Agree,Agree,Disagree,Disagree,Neutral,Neutral,Neutral,Neutral,Agree,Neutral,Neutral,Agree,Agree,Agree,Agree,Agree,Agree,Agree,Disagree,Agree,Disagree,Agree,Agree,Agree,Agree,Agree,Desired,Strongly Desired,Neutral,Desired,Desired,Desired,Neutral,Agree,Agree,Agree,Agree,Neutral,Agree,Neutral,Agree,Agree,Neutral,Agree,Strongly Disagree,Agree,Agree,Neutral,Agree,2,1,1.0,1.0,2,0,0,0,0,1,0,0,0,1,1.0,0,4,3,3,4,4.0,2,2,2,2.0,2.0,4.0,4.0,4.0,3.0,3.0,3.0,3.0,4.0,3.0,3.0,4.0,4.0,4.0,4.0,4.0,4.0,4.0,2.0,4.0,2.0,4.0,4.0,4.0,4.0,4.0,4.0,5.0,3.0,4.0,4.0,4.0,3.0,2.0,4.0,4.0,4.0,3.0,4.0,3.0,4.0,4.0,3.0,4.0,5.0,4.0,2.0,3.0,2.0,7.0,3.0,2.888888888888889,3.5,3.0,3.3333333333333335,4.0,3.5,3.3333333333333335,4.0,3.857142857142857,3.4375,Mild,No,Minimal,No,Missing in source,7.0,0,,3.0,0,,2.888888888888889,0,,3.5,0,,3.0,0,,3.3333333333333335,0,,4.0,0,,3.5,0,,3.3333333333333335,0,,4.0,0,,3.857142857142857,0,,3.4375,0,
2026-04-13 17:31:05,38,Female,Ophthalmology,Assistant Professor,Not at all,Not at all,Several days,More than half the days,Several days,Not at all,Not at all,Not at all,Not at all,Not at all,Not at all,Not at all,Not at all,Not at all,Several days,Not at all,Disagree,Agree,Strongly Disagree,Strongly Disagree,Strongly Disagree,Agree,Strongly Disagree,Agree,Agree,Disagree,Strongly Agree,Strongly Disagree,Disagree,Agree,Agree,Disagree,Agree,Neutral,Neutral,Disagree,Strongly Disagree,Strongly Disagree,Strongly Disagree,Strongly Disagree,Strongly Disagree,Disagree,Strongly Disagree,Strongly Disagree,Disagree,Strongly Agree,Strongly Disagree,Strongly Agree,Strongly Agree,Strongly Agree,Strongly Agree,Desired,Desired,Strongly Desired,Desired,Strongly Desired,Strongly Desired,Strongly Desired,Strongly agree,Agree,Disagree,Agree,Agree,Strongly Disagree,Strongly agree,Strongly Disagree,Disagree,Strongly Disagree,Agree,Strongly agree,Agree,Neutral,Strongly agree,Agree,0,0,1.0,2.0,1,0,0,0,0,0,0,0,0,0,1.0,0,2,4,1,1,1.0,4,1,4,4.0,4.0,5.0,5.0,4.0,4.0,4.0,4.0,4.0,3.0,3.0,4.0,1.0,1.0,1.0,1.0,1.0,2.0,1.0,1.0,2.0,5.0,1.0,5.0,5.0,5.0,5.0,4.0,4.0,5.0,4.0,5.0,5.0,5.0,1.0,4.0,2.0,4.0,2.0,1.0,1.0,1.0,2.0,5.0,4.0,1.0,4.0,3.0,1.0,2.0,4.0,1.0,2.4444444444444446,4.5,4.0,3.3333333333333335,1.0,1.25,2.6666666666666665,5.0,4.571428571428571,2.375,Minimal,No,Minimal,No,,4.0,0,,1.0,0,,2.4444444444444446,0,,4.5,0,,4.0,0,,3.3333333333333335,0,,1.0,0,,1.25,0,,2.6666666666666665,0,,5.0,0,,4.571428571428571,0,,2.375,0,
2026-04-13 21:10:07,30,Male,General Surgery,Senior Resident,Not at all,Several days,Not at all,Several days,Not at all,Not at all,Not at all,Not at all,Not at all,Several days,Several days,Over the half days,Over the half days,Several days,Over the half days,Over the half days,Agree,Strongly Agree,Agree,Agree,Agree,Neutral,Neutral,Neutral,Strongly Agree,Disagree,Agree,Neutral,Disagree,Neutral,Neutral,Agree,Disagree,Strongly Disagree,Strongly Disagree,Strongly Agree,Neutral,Neutral,Agree,Agree,Strongly Agree,Strongly Agree,Strongly Agree,Agree,Neutral,Neutral,Agree,Agree,Agree,Agree,Agree,Strongly Desired,Strongly Desired,Strongly Desired,Desired,Strongly not desired,Desired,Desired,Neutral,Strongly agree,Strongly agree,Agree,Agree,Strongly agree,Agree,Strongly agree,Strongly agree,Neutral,Agree,Neutral,Strongly agree,Agree,Agree,Disagree,0,1,0.0,1.0,0,0,0,0,0,1,1,2,2,1,2.0,2,4,5,4,4,4.0,3,3,3,5.0,4.0,4.0,3.0,4.0,3.0,3.0,2.0,2.0,1.0,1.0,1.0,3.0,3.0,4.0,4.0,5.0,5.0,5.0,4.0,3.0,3.0,4.0,4.0,4.0,4.0,4.0,5.0,5.0,5.0,4.0,1.0,4.0,4.0,3.0,5.0,5.0,4.0,2.0,5.0,2.0,5.0,5.0,3.0,4.0,3.0,5.0,2.0,2.0,4.0,2.0,11.0,3.888888888888889,3.75,2.5,1.0,3.5,4.75,3.3333333333333335,4.0,4.0,3.6875,Minimal,No,Moderate,Yes,,2.0,0,,11.0,0,,3.888888888888889,0,,3.75,0,,2.5,0,,1.0,0,,3.5,0,,4.75,0,,3.3333333333333335,0,,4.0,0,,4.0,0,,3.6875,0,
2026-04-13 22:37:26,24,Female,Not specified,Junior Resident,Several days,Several days,More than half the days,Several days,Several days,Not at all,More than half the days,Not at all,Not at all,Several days,Several days,Several days,Several days,Not at all,Several days,Several days,Neutral,Agree,Agree,Agree,Agree,Agree,Neutral,Neutral,Agree,Disagree,Strongly Agree,,Neutral,Agree,Neutral,Agree,Agree,Agree,Neutral,Neutral,Neutral,Agree,Neutral,Disagree,Disagree,Disagree,Disagree,Disagree,Disagree,Disagree,Neutral,Agree,Agree,Agree,Agree,Desired,Desired,Desired,Desired,Desired,Desired,Desired,Agree,Agree,Neutral,Agree,Agree,Agree,Agree,Agree,Agree,Neutral,Agree,Neutral,Neutral,Agree,Agree,Agree,1,1,2.0,1.0,1,0,2,0,0,1,1,1,1,0,1.0,1,3,4,4,4,4.0,4,3,3,4.0,4.0,5.0,,3.0,4.0,3.0,2.0,4.0,4.0,3.0,3.0,3.0,4.0,3.0,2.0,2.0,2.0,2.0,2.0,2.0,2.0,3.0,4.0,4.0,4.0,4.0,4.0,4.0,4.0,4.0,4.0,4.0,4.0,2.0,4.0,3.0,4.0,2.0,4.0,2.0,4.0,4.0,3.0,4.0,3.0,3.0,2.0,2.0,2.0,8.0,6.0,3.6666666666666665,4.0,3.25,3.3333333333333335,3.0,2.0,2.3333333333333335,4.0,4.0,3.0,Mild,No,Mild,No,Missing in source,8.0,0,,6.0,0,,3.6666666666666665,0,,4.0,1,Person-mean imputed,3.25,0,,3.3333333333333335,0,,3.0,0,,2.0,0,,2.3333333333333335,0,,4.0,0,,4.0,0,,3.0,0,
2026-04-20 15:34:38,27,Female,Obstetrics and Gynaecology,Nursing Officer,Not at all,More than half the days,Nearly everyday,Nearly everyday,Not at all,Not at all,Several days,Not at all,Not at all,Several days,Several days,Several days,Several days,Not at all,Several days,Not at all,Agree,Agree,Disagree,Strongly Agree,Neutral,Neutral,Disagree,Neutral,Disagree,Agree,Agree,Strongly Disagree,Strongly Disagree,Agree,Strongly Agree,Disagree,Agree,Agree,Neutral,Neutral,Disagree,Disagree,Agree,Neutral,Disagree,Disagree,Strongly Disagree,Strongly Disagree,Strongly Disagree,Neutral,Disagree,Strongly Agree,Strongly Agree,Agree,Strongly Agree,Desired,Desired,Strongly Desired,Desired,Neutral,Not desired,Desired,Agree,Agree,Disagree,Agree,Disagree,Neutral,Agree,Agree,Neutral,Agree,Agree,Agree,Strongly agree,Agree,Neutral,Disagree,0,2,3.0,3.0,0,0,1,0,0,1,1,1,1,0,1.0,0,4,4,2,5,3.0,3,2,3,2.0,2.0,4.0,5.0,5.0,4.0,5.0,4.0,4.0,4.0,3.0,3.0,2.0,2.0,4.0,3.0,2.0,2.0,1.0,1.0,1.0,3.0,2.0,5.0,5.0,4.0,5.0,4.0,4.0,5.0,4.0,3.0,2.0,4.0,2.0,4.0,2.0,4.0,4.0,3.0,2.0,4.0,3.0,2.0,4.0,2.0,5.0,2.0,3.0,4.0,9.0,5.0,3.111111111111111,4.0,4.25,3.3333333333333335,2.75,1.5,2.0,4.75,3.7142857142857144,3.125,Mild,No,Mild,No,,9.0,0,,5.0,0,,3.111111111111111,0,,4.0,0,,4.25,0,,3.3333333333333335,0,,2.75,0,,1.5,0,,2.0,0,,4.75,0,,3.7142857142857144,0,,3.125,0,
2026-04-20 15:45:34,26,Female,Obstetrics and Gynaecology,Nursing Officer,Several days,Several days,Several days,Several days,Not at all,Not at all,Not at all,Not at all,Not at all,Several days,Not at all,Several days,Several days,Several days,Several days,Not at all,Strongly Agree,Strongly Agree,Disagree,Strongly Agree,Neutral,Agree,Disagree,Neutral,Neutral,Agree,Agree,Strongly Disagree,Disagree,Agree,Agree,Disagree,Agree,Agree,Agree,Neutral,Disagree,Disagree,Agree,Disagree,Disagree,Disagree,Disagree,Disagree,Disagree,Agree,Neutral,Strongly Agree,Strongly Agree,Agree,Strongly Agree,Desired,Desired,Not desired,Not desired,Not desired,Not desired,Not desired,Agree,Agree,Agree,Agree,Neutral,Neutral,Neutral,Neutral,Neutral,Disagree,Neutral,Agree,Agree,Neutral,Neutral,Strongly Disagree,1,1,1.0,1.0,0,0,0,0,0,1,0,1,1,1,1.0,0,5,5,2,5,3.0,4,2,3,3.0,2.0,4.0,5.0,4.0,4.0,4.0,4.0,4.0,4.0,4.0,3.0,2.0,2.0,4.0,2.0,2.0,2.0,2.0,2.0,2.0,4.0,3.0,5.0,5.0,4.0,5.0,4.0,4.0,2.0,2.0,2.0,2.0,2.0,2.0,4.0,4.0,4.0,3.0,3.0,3.0,3.0,3.0,4.0,3.0,2.0,4.0,3.0,3.0,5.0,4.0,5.0,3.5555555555555554,3.75,4.0,3.6666666666666665,2.5,2.0,3.0,4.75,2.5714285714285716,3.3125,Minimal,No,Mild,No,,4.0,0,,5.0,0,,3.5555555555555554,0,,3.75,0,,4.0,0,,3.6666666666666665,0,,2.5,0,,2.0,0,,3.0,0,,4.75,0,,2.5714285714285716,0,,3.3125,0,
2026-04-20 18:31:24,24,Female,Obstetrics and Gynaecology,Nursing Officer,Not at all,Not at all,More than half the days,More than half the days,Not at all,Not at all,Not at all,Not at all,Not at all,Not at all,Not at all,Not at all,Not at all,Not at all,Not at all,Not at all,Agree,Agree,Strongly Disagree,Neutral,Strongly Disagree,Strongly Disagree,Strongly Disagree,Strongly Disagree,Strongly Disagree,Agree,Strongly Agree,Disagree,Strongly Disagree,Agree,Agree,Neutral,Agree,Agree,Agree,Disagree,Strongly Disagree,Strongly Disagree,Disagree,Disagree,Strongly Disagree,Strongly Disagree,Strongly Disagree,Strongly Disagree,Strongly Disagree,Disagree,Disagree,Agree,Agree,Agree,Agree,Not desired,Desired,Not desired,Not desired,Not desired,Not desired,Not desired,Disagree,Disagree,Disagree,Disagree,Agree,Neutral,Agree,Disagree,Strongly agree,Agree,Agree,Strongly agree,Agree,Agree,Neutral,Disagree,0,0,2.0,2.0,0,0,0,0,0,0,0,0,0,0,0.0,0,4,4,1,3,1.0,1,1,1,1.0,2.0,5.0,4.0,5.0,4.0,4.0,3.0,4.0,4.0,4.0,4.0,1.0,1.0,2.0,2.0,1.0,1.0,1.0,1.0,1.0,2.0,2.0,4.0,4.0,4.0,4.0,2.0,4.0,2.0,2.0,2.0,2.0,2.0,4.0,2.0,2.0,2.0,2.0,3.0,2.0,2.0,5.0,2.0,4.0,1.0,4.0,2.0,3.0,4.0,4.0,0.0,1.8888888888888888,4.0,3.75,4.0,1.5,1.0,1.6666666666666667,4.0,2.2857142857142856,2.75,Minimal,No,Minimal,No,,4.0,0,,0.0,0,,1.8888888888888888,0,,4.0,0,,3.75,0,,4.0,0,,1.5,0,,1.0,0,,1.6666666666666667,0,,4.0,0,,2.2857142857142856,0,,2.75,0,
2026-04-20 18:37:41,35,Female,Obstetrics and Gynaecology,Assisstant Professor,More than half the days,More than half the days,More than half the days,More than half the days,Several days,Several days,More than half the days,Not at all,Not at all,Several days,Several days,Several days,Several days,Not at all,Over the half days,Over the half days,Strongly Agree,Strongly Agree,Agree,Strongly Agree,Strongly Agree,Agree,Neutral,Agree,Disagree,Agree,Agree,Disagree,Neutral,Agree,Agree,Disagree,Agree,Agree,Agree,Disagree,Disagree,Disagree,Neutral,Agree,Strongly Disagree,Strongly Disagree,Strongly Disagree,Strongly Disagree,Strongly Disagree,Agree,Disagree,Agree,Strongly Agree,Strongly Agree,Strongly Agree,Desired,Desired,Desired,Desired,Desired,Not desired,Not desired,Strongly agree,Agree,Disagree,Agree,Agree,Neutral,Agree,Neutral,Strongly agree,Agree,Neutral,Strongly agree,Strongly agree,Agree,Neutral,Strongly Disagree,2,2,2.0,2.0,1,1,2,0,0,1,1,1,1,0,2.0,2,5,5,4,5,5.0,4,3,4,2.0,2.0,4.0,4.0,3.0,4.0,4.0,4.0,4.0,4.0,4.0,4.0,2.0,2.0,3.0,4.0,1.0,1.0,1.0,1.0,1.0,4.0,2.0,4.0,5.0,5.0,5.0,4.0,4.0,4.0,4.0,4.0,2.0,2.0,1.0,4.0,2.0,4.0,2.0,3.0,2.0,3.0,5.0,2.0,3.0,1.0,5.0,2.0,3.0,5.0,12.0,8.0,4.111111111111111,3.25,4.0,4.0,2.75,1.0,2.3333333333333335,4.75,3.4285714285714284,2.9375,Moderate,Yes,Mild,No,,12.0,0,,8.0,0,,4.111111111111111,0,,3.25,0,,4.0,0,,4.0,0,,2.75,0,,1.0,0,,2.3333333333333335,0,,4.75,0,,3.4285714285714284,0,,2.9375,0,
2026-04-20 18:42:34,24,Male,General Medicine,Junior Resident,Not at all,Not at all,Not at all,Not at all,Not at all,Not at all,Not at all,Not at all,Not at all,Not at all,Not at all,Not at all,Not at all,Not at all,Not at all,Not at all,Agree,Neutral,Disagree,Agree,Disagree,Disagree,Disagree,Disagree,Disagree,Agree,Agree,Strongly Disagree,Agree,Agree,Agree,Disagree,Agree,Agree,Agree,Disagree,Disagree,Disagree,Disagree,Disagree,Strongly Disagree,Strongly Disagree,Strongly Disagree,Strongly Disagree,Strongly Disagree,Disagree,Disagree,Agree,Agree,Agree,Agree,Desired,Desired,Not desired,Not desired,Not desired,Not desired,Not desired,Agree,Agree,Disagree,Agree,Agree,Disagree,Agree,Disagree,Neutral,Agree,Disagree,Neutral,Agree,Agree,Disagree,Disagree,0,0,0.0,0.0,0,0,0,0,0,0,0,0,0,0,0.0,0,4,3,2,4,2.0,2,2,2,2.0,2.0,4.0,5.0,2.0,4.0,4.0,4.0,4.0,4.0,4.0,4.0,2.0,2.0,2.0,2.0,1.0,1.0,1.0,1.0,1.0,2.0,2.0,4.0,4.0,4.0,4.0,4.0,4.0,2.0,2.0,2.0,2.0,2.0,2.0,4.0,2.0,4.0,2.0,2.0,2.0,2.0,3.0,2.0,2.0,3.0,4.0,2.0,4.0,4.0,0.0,0.0,2.5555555555555554,3.25,4.0,4.0,2.0,1.0,1.6666666666666667,4.0,2.5714285714285716,2.75,Minimal,No,Minimal,No,,0.0,0,,0.0,0,,2.5555555555555554,0,,3.25,0,,4.0,0,,4.0,0,,2.0,0,,1.0,0,,1.6666666666666667,0,,4.0,0,,2.5714285714285716,0,,2.75,0,
2026-04-20 18:59:10,24,Male,General Medicine,Junior Resident,Not at all,Not at all,Not at all,Not at all,Not at all,Not at all,Not at all,Not at all,Not at all,Not at all,Not at all,Not at all,Not at all,Not at all,Not at all,Not at all,Agree,Disagree,Disagree,Neutral,Disagree,Disagree,Disagree,Disagree,Disagree,Agree,Agree,Disagree,Disagree,Agree,Agree,Disagree,Agree,Disagree,Disagree,Agree,Disagree,Disagree,Disagree,Disagree,Strongly Disagree,Strongly Disagree,Strongly Disagree,Strongly Disagree,Strongly Disagree,Disagree,Disagree,Agree,Agree,Agree,Agree,Not desired,Not desired,Not desired,Not desired,Not desired,Not desired,Not desired,Disagree,Disagree,Disagree,Disagree,Strongly agree,Strongly agree,Agree,Disagree,Strongly agree,Agree,Disagree,Strongly agree,Agree,Strongly agree,Agree,Neutral,0,0,0.0,0.0,0,0,0,0,0,0,0,0,0,0,0.0,0,4,2,2,3,2.0,2,2,2,2.0,2.0,4.0,4.0,4.0,4.0,4.0,4.0,4.0,2.0,2.0,2.0,2.0,2.0,2.0,2.0,1.0,1.0,1.0,1.0,1.0,2.0,2.0,4.0,4.0,4.0,4.0,2.0,2.0,2.0,2.0,2.0,2.0,2.0,4.0,2.0,2.0,2.0,1.0,5.0,2.0,2.0,5.0,2.0,2.0,1.0,4.0,1.0,2.0,3.0,0.0,0.0,2.3333333333333335,3.5,4.0,2.0,2.0,1.0,1.6666666666666667,4.0,2.0,2.5,Minimal,No,Minimal,No,,0.0,0,,0.0,0,,2.3333333333333335,0,,3.5,0,,4.0,0,,2.0,0,,2.0,0,,1.0,0,,1.6666666666666667,0,,4.0,0,,2.0,0,,2.5,0,
2026-04-20 19:10:31,33,Male,General Medicine,Nurse,More than half the days,Several days,More than half the days,More than half the days,Several days,Several days,Several days,Not at all,Not at all,Over the half days,Over the half days,Over the half days,Over the half days,Over the half days,Over the half days,Several days,Strongly Agree,Strongly Agree,Agree,Agree,Neutral,Agree,Agree,Agree,Neutral,Agree,Strongly Agree,Disagree,Agree,Strongly Agree,Strongly Agree,Disagree,Agree,Agree,Agree,Disagree,Agree,Agree,Agree,Agree,Disagree,Agree,Disagree,Disagree,Strongly Disagree,Agree,Agree,Agree,Agree,Strongly Agree,Strongly Agree,Desired,Desired,Desired,Strongly Desired,Strongly Desired,Strongly Desired,Desired,Strongly agree,Agree,Agree,Agree,Neutral,Neutral,Agree,Agree,Agree,Disagree,Neutral,Disagree,Strongly agree,Disagree,Disagree,Strongly Disagree,2,1,2.0,2.0,1,1,1,0,0,2,2,2,2,2,2.0,1,5,5,4,4,3.0,4,4,4,3.0,2.0,5.0,4.0,2.0,5.0,5.0,4.0,4.0,4.0,4.0,4.0,4.0,4.0,4.0,4.0,2.0,4.0,2.0,2.0,1.0,4.0,4.0,4.0,4.0,5.0,5.0,4.0,4.0,4.0,5.0,5.0,5.0,4.0,1.0,4.0,4.0,4.0,3.0,3.0,2.0,4.0,4.0,4.0,3.0,4.0,5.0,4.0,4.0,5.0,10.0,13.0,4.0,3.25,4.5,4.0,4.0,2.5,3.0,4.5,4.428571428571429,3.625,Moderate,Yes,Moderate,Yes,,10.0,0,,13.0,0,,4.0,0,,3.25,0,,4.5,0,,4.0,0,,4.0,0,,2.5,0,,3.0,0,,4.5,0,,4.428571428571429,0,,3.625,0,
2026-04-20 19:17:59,31,Female,General Medicine,Nurse,Not at all,Not at all,Not at all,Not at all,Not at all,Not at all,Not at all,Not at all,Not at all,Not at all,Not at all,Not at all,Not at all,Not at all,Not at all,Not at all,Neutral,Neutral,Neutral,Disagree,Disagree,Neutral,Disagree,Disagree,Disagree,Agree,Agree,Disagree,Disagree,Agree,Agree,Disagree,Agree,Agree,Neutral,Neutral,Disagree,Disagree,Agree,Disagree,Disagree,Disagree,Disagree,Disagree,Disagree,Disagree,Disagree,Agree,Agree,Agree,Agree,Desired,Desired,Desired,Not desired,Desired,Not desired,Not desired,Agree,Disagree,Disagree,Agree,Agree,Disagree,Agree,Disagree,Agree,Agree,Disagree,Disagree,Disagree,Agree,Disagree,Disagree,0,0,0.0,0.0,0,0,0,0,0,0,0,0,0,0,0.0,0,3,3,3,2,2.0,3,2,2,2.0,2.0,4.0,4.0,4.0,4.0,4.0,4.0,4.0,4.0,3.0,3.0,2.0,2.0,4.0,2.0,2.0,2.0,2.0,2.0,2.0,2.0,2.0,4.0,4.0,4.0,4.0,4.0,4.0,4.0,2.0,4.0,2.0,2.0,2.0,2.0,2.0,4.0,2.0,2.0,2.0,2.0,4.0,2.0,2.0,4.0,2.0,2.0,4.0,4.0,0.0,0.0,2.4444444444444446,3.5,4.0,3.3333333333333335,2.5,2.0,2.0,4.0,3.142857142857143,2.625,Minimal,No,Minimal,No,,0.0,0,,0.0,0,,2.4444444444444446,0,,3.5,0,,4.0,0,,3.3333333333333335,0,,2.5,0,,2.0,0,,2.0,0,,4.0,0,,3.142857142857143,0,,2.625,0,
2026-04-20 19:38:16,37,Female,General Medicine,Nurse,Several days,Not at all,Not at all,More than half the days,Several days,Not at all,Several days,Not at all,Not at all,Several days,Several days,Several days,Not at all,Not at all,Several days,Not at all,Agree,Agree,Agree,Agree,Neutral,Neutral,Disagree,Disagree,Strongly Disagree,Agree,Agree,Disagree,Disagree,Agree,Agree,Disagree,Agree,Agree,Agree,Neutral,Disagree,Neutral,Neutral,Neutral,Disagree,Disagree,Disagree,Disagree,Disagree,Neutral,Agree,Agree,Agree,Agree,Agree,Desired,Desired,Neutral,Neutral,Neutral,Neutral,Neutral,Strongly agree,Neutral,Neutral,Agree,Agree,Disagree,Agree,Disagree,Agree,Agree,Disagree,Disagree,Agree,Agree,Neutral,Disagree,1,0,0.0,2.0,1,0,1,0,0,1,1,1,0,0,1.0,0,4,4,4,4,3.0,3,2,2,1.0,2.0,4.0,4.0,4.0,4.0,4.0,4.0,4.0,4.0,4.0,3.0,2.0,3.0,3.0,3.0,2.0,2.0,2.0,2.0,2.0,3.0,4.0,4.0,4.0,4.0,4.0,4.0,4.0,3.0,3.0,3.0,3.0,3.0,1.0,3.0,3.0,4.0,2.0,2.0,2.0,2.0,4.0,2.0,2.0,4.0,4.0,2.0,3.0,4.0,5.0,4.0,3.0,3.5,4.0,3.6666666666666665,2.75,2.0,3.0,4.0,3.2857142857142856,2.75,Mild,No,Minimal,No,,5.0,0,,4.0,0,,3.0,0,,3.5,0,,4.0,0,,3.6666666666666665,0,,2.75,0,,2.0,0,,3.0,0,,4.0,0,,3.2857142857142856,0,,2.75,0,
2026-04-20 19:50:55,26,Male,General Medicine,Junior Resident,More than half the days,More than half the days,More than half the days,Nearly everyday,Several days,Several days,Several days,Several days,Not at all,Several days,Several days,Nearly everyday,Nearly everyday,Several days,Over the half days,Several days,Strongly Agree,Strongly Agree,Agree,Agree,Neutral,Agree,Neutral,Agree,Disagree,Agree,Agree,Disagree,Disagree,Strongly Agree,Strongly Agree,Neutral,Agree,Agree,Agree,Disagree,Agree,Agree,Strongly Agree,Agree,Disagree,Disagree,Disagree,Strongly Disagree,Disagree,Agree,Neutral,Agree,Strongly Agree,Strongly Agree,Strongly Agree,Strongly Desired,Strongly Desired,Strongly Desired,Neutral,Strongly Desired,Neutral,Neutral,Strongly agree,Strongly agree,Strongly agree,Strongly agree,Disagree,Neutral,Strongly agree,Agree,Strongly agree,Disagree,Agree,Disagree,Agree,Disagree,Disagree,Disagree,2,2,2.0,3.0,1,1,1,1,0,1,1,3,3,1,2.0,1,5,5,4,4,3.0,4,3,4,2.0,2.0,4.0,4.0,4.0,5.0,5.0,3.0,4.0,4.0,4.0,4.0,4.0,4.0,5.0,4.0,2.0,2.0,2.0,1.0,2.0,4.0,3.0,4.0,5.0,5.0,5.0,5.0,5.0,5.0,3.0,5.0,3.0,3.0,1.0,5.0,5.0,5.0,4.0,3.0,1.0,4.0,5.0,4.0,4.0,4.0,4.0,4.0,4.0,4.0,13.0,12.0,3.7777777777777777,3.5,4.25,4.0,4.25,1.75,3.0,4.75,4.142857142857143,3.8125,Moderate,Yes,Moderate,Yes,,13.0,0,,12.0,0,,3.7777777777777777,0,,3.5,0,,4.25,0,,4.0,0,,4.25,0,,1.75,0,,3.0,0,,4.75,0,,4.142857142857143,0,,3.8125,0,
2026-04-20 20:34:33,29,Male,General Medicine,Junior Resident,Not at all,Not at all,Not at all,Not at all,Not at all,Not at all,Not at all,Not at all,Not at all,Not at all,Not at all,Not at all,Not at all,Not at all,Not at all,Not at all,Neutral,Neutral,Disagree,Disagree,Strongly Disagree,Strongly Disagree,Strongly Disagree,Strongly Disagree,Strongly Disagree,Strongly Disagree,Agree,Disagree,Strongly Disagree,Agree,Agree,Neutral,Neutral,Neutral,Neutral,Neutral,Disagree,Disagree,Disagree,Disagree,Strongly Disagree,Strongly Disagree,Strongly Disagree,Strongly Disagree,Strongly Disagree,Disagree,Strongly Disagree,Agree,Agree,Agree,Agree,Not desired,Not desired,Not desired,Not desired,Not desired,Not desired,Not desired,Agree,Disagree,Disagree,Disagree,Agree,Neutral,Agree,Disagree,Neutral,Agree,Disagree,Disagree,Agree,Neutral,Neutral,Neutral,0,0,0.0,0.0,0,0,0,0,0,0,0,0,0,0,0.0,0,3,3,2,2,1.0,1,1,1,1.0,5.0,4.0,4.0,5.0,4.0,4.0,3.0,3.0,3.0,3.0,3.0,2.0,2.0,2.0,2.0,1.0,1.0,1.0,1.0,1.0,2.0,1.0,4.0,4.0,4.0,4.0,2.0,2.0,2.0,2.0,2.0,2.0,2.0,2.0,2.0,2.0,2.0,2.0,3.0,2.0,2.0,3.0,2.0,2.0,4.0,4.0,3.0,3.0,3.0,0.0,0.0,1.6666666666666667,4.5,3.5,3.0,2.0,1.0,1.3333333333333333,4.0,2.0,2.5625,Minimal,No,Minimal,No,,0.0,0,,0.0,0,,1.6666666666666667,0,,4.5,0,,3.5,0,,3.0,0,,2.0,0,,1.0,0,,1.3333333333333333,0,,4.0,0,,2.0,0,,2.5625,0,
2026-04-20 21:07:51,35,Male,General Medicine,Junior Resident,Several days,Several days,Not at all,More than half the days,Not at all,Not at all,Not at all,Not at all,Not at all,Several days,Several days,Several days,Several days,Not at all,Not at all,Not at all,Agree,Agree,Neutral,Agree,Neutral,Agree,Disagree,Disagree,Disagree,Agree,Agree,Disagree,Disagree,Agree,Agree,Disagree,Agree,Agree,Agree,Neutral,Neutral,Neutral,Agree,Neutral,Disagree,Disagree,Disagree,Disagree,Disagree,Disagree,Disagree,Agree,Agree,Agree,Agree,Desired,Desired,Desired,Neutral,Neutral,Not desired,Not desired,Strongly agree,Agree,Neutral,Agree,Neutral,Neutral,Neutral,Neutral,Agree,Neutral,Neutral,Neutral,Agree,Agree,Neutral,Disagree,1,1,0.0,2.0,0,0,0,0,0,1,1,1,1,0,0.0,0,4,4,3,4,3.0,4,2,2,2.0,2.0,4.0,4.0,4.0,4.0,4.0,4.0,4.0,4.0,4.0,3.0,3.0,3.0,4.0,3.0,2.0,2.0,2.0,2.0,2.0,2.0,2.0,4.0,4.0,4.0,4.0,4.0,4.0,4.0,3.0,3.0,2.0,2.0,1.0,4.0,3.0,4.0,3.0,3.0,3.0,3.0,4.0,3.0,3.0,3.0,4.0,2.0,3.0,4.0,4.0,4.0,3.111111111111111,3.5,4.0,3.6666666666666665,3.25,2.0,2.0,4.0,3.142857142857143,3.125,Minimal,No,Minimal,No,,4.0,0,,4.0,0,,3.111111111111111,0,,3.5,0,,4.0,0,,3.6666666666666665,0,,3.25,0,,2.0,0,,2.0,0,,4.0,0,,3.142857142857143,0,,3.125,0,
2026-04-20 21:15:38,28,Female,General Medicine,Post Graduate,More than half the days,More than half the days,Several days,Nearly everyday,Several days,Several days,More than half the days,Several days,Not at all,Several days,Over the half days,Several days,Over the half days,Over the half days,Over the half days,Over the half days,Strongly Agree,Strongly Agree,Neutral,Agree,Disagree,Agree,Neutral,Agree,Disagree,Agree,Strongly Agree,Strongly Disagree,Strongly Disagree,Strongly Agree,Strongly Agree,Disagree,Strongly Agree,Strongly Agree,Strongly Agree,Strongly Disagree,Neutral,Neutral,Agree,Agree,Disagree,Strongly Disagree,Strongly Disagree,Strongly Disagree,Disagree,Agree,Neutral,Strongly Agree,Strongly Agree,Strongly Agree,Strongly Agree,Strongly Desired,Strongly Desired,Strongly Desired,Desired,Desired,Neutral,Neutral,Strongly agree,Neutral,Neutral,Agree,Neutral,Neutral,Agree,Disagree,Strongly agree,Neutral,Neutral,Agree,Agree,Agree,Agree,Disagree,2,2,1.0,3.0,1,1,2,1,0,1,2,1,2,2,2.0,2,5,5,3,4,2.0,4,3,4,2.0,2.0,5.0,5.0,5.0,5.0,5.0,4.0,5.0,5.0,5.0,5.0,3.0,3.0,4.0,4.0,2.0,1.0,1.0,1.0,2.0,4.0,3.0,5.0,5.0,5.0,5.0,5.0,5.0,5.0,4.0,4.0,3.0,3.0,1.0,3.0,3.0,4.0,3.0,3.0,2.0,2.0,5.0,3.0,3.0,2.0,4.0,2.0,2.0,4.0,13.0,12.0,3.5555555555555554,4.25,4.75,5.0,3.5,1.25,3.0,5.0,4.142857142857143,2.875,Moderate,Yes,Moderate,Yes,,13.0,0,,12.0,0,,3.5555555555555554,0,,4.25,0,,4.75,0,,5.0,0,,3.5,0,,1.25,0,,3.0,0,,5.0,0,,4.142857142857143,0,,2.875,0,
2026-04-21 18:31:24,39,Female,Ophthalmology,Assistant Professor,Several days,Several days,Several days,More than half the days,Not at all,Not at all,Not at all,Not at all,Not at all,Several days,Several days,Several days,Several days,Not at all,Not at all,Not at all,Disagree,Agree,Disagree,Neutral,Disagree,Disagree,Disagree,Disagree,Disagree,Agree,Agree,Disagree,Disagree,Agree,Agree,Disagree,Agree,Agree,Agree,Disagree,Disagree,Disagree,Neutral,Neutral,Strongly Disagree,Strongly Disagree,Strongly Disagree,Strongly Disagree,Strongly Disagree,Neutral,Disagree,Agree,Agree,Agree,Strongly Agree,Not desired,Desired,Desired,Desired,Desired,Neutral,Neutral,Agree,Disagree,Strongly Disagree,Disagree,Agree,Neutral,Agree,Disagree,Agree,Agree,Disagree,Agree,Agree,Agree,Neutral,Neutral,1,1,1.0,2.0,0,0,0,0,0,1,1,1,1,0,0.0,0,2,4,2,3,2.0,2,2,2,2.0,2.0,4.0,4.0,4.0,4.0,4.0,4.0,4.0,4.0,4.0,4.0,2.0,2.0,3.0,3.0,1.0,1.0,1.0,1.0,1.0,3.0,2.0,4.0,4.0,4.0,5.0,2.0,4.0,4.0,4.0,4.0,3.0,3.0,2.0,2.0,1.0,2.0,2.0,3.0,2.0,2.0,4.0,2.0,2.0,2.0,4.0,2.0,3.0,3.0,5.0,4.0,2.3333333333333335,3.5,4.0,4.0,2.5,1.0,2.0,4.25,3.4285714285714284,2.375,Mild,No,Minimal,No,,5.0,0,,4.0,0,,2.3333333333333335,0,,3.5,0,,4.0,0,,4.0,0,,2.5,0,,1.0,0,,2.0,0,,4.25,0,,3.4285714285714284,0,,2.375,0,
2026-04-21 18:44:28,29,Female,General Medicine,Medicine,More than half the days,Several days,Several days,More than half the days,Not at all,Not at all,Several days,Not at all,Not at all,Several days,Several days,Several days,Several days,Not at all,Not at all,Not at all,Agree,Agree,Agree,Agree,Disagree,Agree,Neutral,Agree,Disagree,Agree,Agree,Disagree,Disagree,Agree,Agree,Disagree,Agree,Agree,Agree,Disagree,Disagree,Disagree,Neutral,Neutral,Disagree,Disagree,Disagree,Disagree,Disagree,Disagree,Disagree,Agree,Agree,Agree,Agree,Desired,Desired,Desired,Neutral,Neutral,Neutral,Neutral,Agree,Disagree,Disagree,Neutral,Agree,Disagree,Agree,Disagree,Agree,Agree,Disagree,Disagree,Agree,Agree,Neutral,Neutral,2,1,1.0,2.0,0,0,1,0,0,1,1,1,1,0,0.0,0,4,4,4,4,2.0,4,3,4,2.0,2.0,4.0,4.0,4.0,4.0,4.0,4.0,4.0,4.0,4.0,4.0,2.0,2.0,3.0,3.0,2.0,2.0,2.0,2.0,2.0,2.0,2.0,4.0,4.0,4.0,4.0,4.0,4.0,4.0,3.0,3.0,3.0,3.0,2.0,2.0,2.0,3.0,2.0,2.0,2.0,2.0,4.0,2.0,2.0,4.0,4.0,2.0,3.0,3.0,7.0,4.0,3.4444444444444446,3.5,4.0,4.0,2.5,2.0,2.0,4.0,3.4285714285714284,2.5625,Mild,No,Minimal,No,,7.0,0,,4.0,0,,3.4444444444444446,0,,3.5,0,,4.0,0,,4.0,0,,2.5,0,,2.0,0,,2.0,0,,4.0,0,,3.4285714285714284,0,,2.5625,0,
2026-04-21 18:57:39,31,Female,Obstetrics and Gynaecology,Nurse,More than half the days,Several days,Several days,Nearly everyday,Several days,Not at all,Several days,Not at all,Not at all,Over the half days,Several days,Several days,Over the half days,Several days,Several days,Several days,Strongly Agree,Agree,Agree,Agree,Neutral,Agree,Neutral,Agree,Disagree,Agree,Strongly Agree,Disagree,Disagree,Strongly Agree,Strongly Agree,Strongly Disagree,Strongly Agree,Strongly Agree,Strongly Agree,Disagree,Neutral,Neutral,Agree,Neutral,Disagree,Strongly Disagree,Disagree,Strongly Disagree,Strongly Disagree,Disagree,Disagree,Strongly Agree,Strongly Agree,Strongly Agree,Strongly Agree,Desired,Strongly Desired,Strongly Desired,Desired,Strongly Desired,Desired,Desired,Strongly agree,Disagree,Disagree,Agree,Agree,Disagree,Strongly agree,Strongly Disagree,Strongly agree,Strongly agree,Strongly Disagree,Disagree,Agree,Strongly agree,Neutral,Neutral,2,1,1.0,3.0,1,0,1,0,0,2,1,1,2,1,1.0,1,5,4,4,4,3.0,4,3,4,2.0,2.0,5.0,4.0,4.0,5.0,5.0,5.0,5.0,5.0,5.0,4.0,3.0,3.0,4.0,3.0,2.0,1.0,2.0,1.0,1.0,2.0,2.0,5.0,5.0,5.0,5.0,4.0,5.0,5.0,4.0,5.0,4.0,4.0,1.0,2.0,2.0,4.0,2.0,2.0,1.0,1.0,5.0,1.0,1.0,4.0,4.0,1.0,3.0,3.0,9.0,9.0,3.6666666666666665,3.75,5.0,4.666666666666667,3.25,1.5,1.6666666666666667,5.0,4.428571428571429,2.3125,Mild,No,Mild,No,,9.0,0,,9.0,0,,3.6666666666666665,0,,3.75,0,,5.0,0,,4.666666666666667,0,,3.25,0,,1.5,0,,1.6666666666666667,0,,5.0,0,,4.428571428571429,0,,2.3125,0,
2026-04-21 19:40:22,28,Male,General Medicine,Nurse,Not at all,Not at all,Not at all,Several days,Not at all,Not at all,Not at all,Not at all,Not at all,Not at all,Not at all,Not at all,Not at all,Not at all,Not at all,Not at all,Agree,Agree,Disagree,Agree,Disagree,Disagree,Disagree,Disagree,Disagree,Strongly Agree,Strongly Agree,Strongly Disagree,Strongly Disagree,Strongly Agree,Strongly Agree,Disagree,Strongly Agree,Agree,Strongly Agree,Disagree,Disagree,Disagree,Neutral,Neutral,Disagree,Disagree,Disagree,Disagree,Disagree,Disagree,Disagree,Agree,Agree,Agree,Agree,Not desired,Desired,Desired,Neutral,Neutral,Neutral,Neutral,Agree,Disagree,Strongly Disagree,Disagree,Agree,Disagree,Agree,Disagree,Agree,Agree,Disagree,Neutral,Agree,Agree,Neutral,Disagree,0,0,0.0,1.0,0,0,0,0,0,0,0,0,0,0,0.0,0,4,4,2,4,2.0,2,2,2,2.0,1.0,5.0,5.0,5.0,5.0,5.0,4.0,5.0,4.0,5.0,4.0,2.0,2.0,3.0,3.0,2.0,2.0,2.0,2.0,2.0,2.0,2.0,4.0,4.0,4.0,4.0,2.0,4.0,4.0,3.0,3.0,3.0,3.0,2.0,2.0,1.0,2.0,2.0,2.0,2.0,2.0,4.0,2.0,2.0,3.0,4.0,2.0,3.0,4.0,1.0,0.0,2.6666666666666665,4.0,4.75,4.333333333333333,2.5,2.0,2.0,4.0,3.142857142857143,2.4375,Minimal,No,Minimal,No,,1.0,0,,0.0,0,,2.6666666666666665,0,,4.0,0,,4.75,0,,4.333333333333333,0,,2.5,0,,2.0,0,,2.0,0,,4.0,0,,3.142857142857143,0,,2.4375,0,
2026-04-21 19:53:49,27,Male,Not specified,Junior Resident,Several days,Several days,Several days,Several days,Several days,Not at all,Not at all,Not at all,Not at all,Several days,Several days,Several days,Several days,Not at all,Several days,Several days,Neutral,Agree,Neutral,Agree,Strongly Disagree,Disagree,Strongly Disagree,Disagree,Strongly Disagree,Strongly Agree,Strongly Agree,Strongly Disagree,Strongly Disagree,Strongly Agree,Strongly Agree,Disagree,Strongly Agree,Strongly Agree,Strongly Agree,Disagree,Strongly Disagree,Strongly Disagree,Agree,Disagree,Strongly Disagree,Disagree,Disagree,Disagree,Disagree,Disagree,Disagree,Agree,Agree,Agree,Agree,Desired,Desired,Desired,Neutral,Desired,Not desired,Not desired,Neutral,Disagree,Agree,Neutral,Agree,Disagree,Agree,Disagree,Agree,Agree,Disagree,Disagree,Agree,Agree,Disagree,Disagree,1,1,1.0,1.0,1,0,0,0,0,1,1,1,1,0,1.0,1,3,4,3,4,1.0,2,1,2,1.0,1.0,5.0,5.0,5.0,5.0,5.0,4.0,5.0,5.0,5.0,4.0,1.0,1.0,4.0,2.0,1.0,2.0,2.0,2.0,2.0,2.0,2.0,4.0,4.0,4.0,4.0,4.0,4.0,4.0,3.0,4.0,2.0,2.0,3.0,2.0,4.0,3.0,2.0,2.0,2.0,2.0,4.0,2.0,2.0,4.0,4.0,2.0,4.0,4.0,5.0,6.0,2.3333333333333335,4.0,4.75,4.666666666666667,2.0,1.75,2.0,4.0,3.2857142857142856,2.875,Mild,No,Mild,No,Missing in source,5.0,0,,6.0,0,,2.3333333333333335,0,,4.0,0,,4.75,0,,4.666666666666667,0,,2.0,0,,1.75,0,,2.0,0,,4.0,0,,3.2857142857142856,0,,2.875,0,
2026-04-21 20:00:51,24,Female,Not specified,Junior Resident,Not at all,Not at all,Not at all,Not at all,Not at all,Not at all,Not at all,Not at all,Not at all,Not at all,Not at all,Not at all,Several days,Not at all,Not at all,Not at all,Agree,Agree,Strongly Disagree,Agree,Strongly Disagree,Strongly Disagree,Strongly Disagree,Strongly Disagree,Strongly Disagree,Strongly Agree,Strongly Agree,Disagree,Strongly Disagree,Strongly Agree,Strongly Agree,Disagree,Strongly Agree,Strongly Agree,Strongly Agree,Strongly Disagree,Disagree,Disagree,Agree,Disagree,Strongly Disagree,Strongly Disagree,Strongly Disagree,Strongly Disagree,Strongly Disagree,Disagree,Disagree,Agree,Agree,Agree,Agree,Desired,Desired,Desired,Not desired,Not desired,Not desired,Not desired,Agree,Disagree,Disagree,Agree,Neutral,Neutral,Agree,Disagree,Agree,Agree,Disagree,Agree,Agree,Agree,Disagree,Disagree,0,0,0.0,0.0,0,0,0,0,0,0,0,0,1,0,0.0,0,4,4,1,4,1.0,1,1,1,1.0,1.0,5.0,4.0,5.0,5.0,5.0,4.0,5.0,5.0,5.0,5.0,2.0,2.0,4.0,2.0,1.0,1.0,1.0,1.0,1.0,2.0,2.0,4.0,4.0,4.0,4.0,4.0,4.0,4.0,2.0,2.0,2.0,2.0,2.0,2.0,2.0,4.0,3.0,3.0,2.0,2.0,4.0,2.0,2.0,2.0,4.0,2.0,4.0,4.0,0.0,1.0,2.0,3.75,4.75,5.0,2.5,1.0,1.6666666666666667,4.0,2.857142857142857,2.75,Minimal,No,Minimal,No,Missing in source,0.0,0,,1.0,0,,2.0,0,,3.75,0,,4.75,0,,5.0,0,,2.5,0,,1.0,0,,1.6666666666666667,0,,4.0,0,,2.857142857142857,0,,2.75,0,
2026-04-21 20:07:28,33,Female,Obstetrics and Gynaecology,Nurse,Several days,Several days,More than half the days,Nearly everyday,Several days,Not at all,Not at all,Not at all,Not at all,Several days,Over the half days,Several days,Nearly everyday,Not at all,Several days,Not at all,Strongly Agree,Strongly Agree,Neutral,Strongly Agree,Disagree,Agree,Disagree,Agree,Strongly Disagree,Strongly Agree,Strongly Agree,Disagree,Disagree,Strongly Agree,Strongly Agree,Strongly Disagree,Strongly Agree,Strongly Agree,Strongly Agree,Strongly Disagree,Disagree,Disagree,Agree,Agree,Agree,Disagree,Strongly Disagree,Strongly Disagree,Neutral,Agree,Disagree,Agree,Strongly Agree,Strongly Agree,Strongly Agree,Strongly Desired,Strongly Desired,Strongly Desired,Not desired,Strongly Desired,Desired,Neutral,Neutral,Agree,Disagree,Strongly agree,Agree,Disagree,Strongly agree,Disagree,Strongly agree,Disagree,Agree,Disagree,Agree,Agree,Disagree,Strongly Disagree,1,1,2.0,3.0,1,0,0,0,0,1,2,1,3,0,1.0,0,5,5,3,5,2.0,4,2,4,1.0,1.0,5.0,4.0,4.0,5.0,5.0,5.0,5.0,5.0,5.0,5.0,2.0,2.0,4.0,4.0,4.0,2.0,1.0,1.0,3.0,4.0,2.0,4.0,5.0,5.0,5.0,5.0,5.0,5.0,2.0,5.0,4.0,3.0,3.0,4.0,2.0,5.0,2.0,2.0,1.0,2.0,5.0,4.0,4.0,4.0,4.0,2.0,4.0,5.0,8.0,8.0,3.4444444444444446,3.5,5.0,5.0,3.0,2.0,3.0,4.75,4.142857142857143,3.3125,Mild,No,Mild,No,,8.0,0,,8.0,0,,3.4444444444444446,0,,3.5,0,,5.0,0,,5.0,0,,3.0,0,,2.0,0,,3.0,0,,4.75,0,,4.142857142857143,0,,3.3125,0,
2026-04-21 20:14:15,31,Female,Obstetrics and Gynaecology,Nursing Officer,Not at all,Not at all,Not at all,Several days,Not at all,Not at all,Not at all,Not at all,Not at all,Not at all,Not at all,Not at all,Several days,Not at all,Not at all,Not at all,Agree,Disagree,Disagree,Disagree,Strongly Disagree,Strongly Disagree,Strongly Disagree,Strongly Disagree,Strongly Disagree,Agree,Agree,Strongly Disagree,Strongly Disagree,Agree,Agree,Disagree,Strongly Agree,Agree,Agree,Disagree,Disagree,Disagree,Disagree,Disagree,Strongly Disagree,Strongly Disagree,Strongly Disagree,Strongly Disagree,Strongly Disagree,Disagree,Disagree,Disagree,Agree,Agree,Agree,Desired,Desired,Desired,Neutral,Desired,Neutral,Neutral,Agree,Disagree,Disagree,Disagree,Neutral,Neutral,Agree,Disagree,Neutral,Agree,Disagree,Disagree,Agree,Agree,Neutral,Disagree,0,0,0.0,1.0,0,0,0,0,0,0,0,0,1,0,0.0,0,4,2,2,2,1.0,1,1,1,1.0,2.0,4.0,5.0,5.0,4.0,4.0,4.0,5.0,4.0,4.0,4.0,2.0,2.0,2.0,2.0,1.0,1.0,1.0,1.0,1.0,2.0,2.0,2.0,4.0,4.0,4.0,4.0,4.0,4.0,3.0,4.0,3.0,3.0,2.0,2.0,2.0,2.0,3.0,3.0,2.0,2.0,3.0,2.0,2.0,4.0,4.0,2.0,3.0,4.0,1.0,1.0,1.6666666666666667,4.0,4.25,4.0,2.0,1.0,1.6666666666666667,3.5,3.5714285714285716,2.625,Minimal,No,Minimal,No,,1.0,0,,1.0,0,,1.6666666666666667,0,,4.0,0,,4.25,0,,4.0,0,,2.0,0,,1.0,0,,1.6666666666666667,0,,3.5,0,,3.5714285714285716,0,,2.625,0,
2026-04-21 20:20:21,28,Female,Obstetrics and Gynaecology,Nursing Officer,More than half the days,Several days,Several days,More than half the days,Not at all,Several days,Several days,Several days,Not at all,Not at all,Not at all,Several days,Several days,Not at all,Not at all,Several days,Neutral,Neutral,Neutral,Neutral,Neutral,Disagree,Strongly Disagree,Strongly Disagree,Strongly Disagree,Agree,Agree,Strongly Disagree,Strongly Disagree,Agree,Strongly Agree,Strongly Agree,Strongly Agree,Agree,Neutral,Disagree,Disagree,Disagree,Neutral,Disagree,Strongly Disagree,Strongly Disagree,Strongly Disagree,Strongly Disagree,Disagree,Disagree,Disagree,Agree,Agree,Agree,Strongly Agree,Neutral,Neutral,Neutral,Not desired,Desired,Not desired,Not desired,Agree,Disagree,Disagree,Neutral,Neutral,Disagree,Neutral,Disagree,Agree,Agree,Disagree,Neutral,Agree,Agree,Neutral,Neutral,2,1,1.0,2.0,0,1,1,1,0,0,0,1,1,0,0.0,1,3,3,3,3,3.0,2,1,1,1.0,2.0,4.0,5.0,5.0,4.0,5.0,1.0,5.0,4.0,3.0,4.0,2.0,2.0,3.0,2.0,1.0,1.0,1.0,1.0,2.0,2.0,2.0,4.0,4.0,4.0,5.0,3.0,3.0,3.0,2.0,4.0,2.0,2.0,2.0,2.0,2.0,3.0,3.0,2.0,3.0,2.0,4.0,2.0,2.0,3.0,4.0,2.0,3.0,3.0,9.0,3.0,2.2222222222222223,4.0,3.75,3.6666666666666665,2.25,1.0,2.0,4.25,2.7142857142857144,2.625,Mild,No,Minimal,No,,9.0,0,,3.0,0,,2.2222222222222223,0,,4.0,0,,3.75,0,,3.6666666666666665,0,,2.25,0,,1.0,0,,2.0,0,,4.25,0,,2.7142857142857144,0,,2.625,0,
2026-04-21 20:25:00,23,Male,Not specified,Junior Resident,Not at all,Not at all,Not at all,Several days,Not at all,Not at all,Not at all,Not at all,Not at all,Not at all,Not at all,Not at all,Several days,Not at all,Not at all,Not at all,Disagree,Disagree,Strongly Disagree,Strongly Disagree,Strongly Disagree,Strongly Disagree,Strongly Disagree,Strongly Disagree,Strongly Disagree,Neutral,Agree,Disagree,Disagree,Agree,Agree,Neutral,Agree,Agree,Agree,Disagree,Disagree,Disagree,Disagree,Disagree,Strongly Disagree,Strongly Disagree,Strongly Disagree,Strongly Disagree,Disagree,Disagree,Disagree,Agree,Agree,Agree,Agree,Neutral,Neutral,Desired,Neutral,Neutral,Neutral,Neutral,Neutral,Disagree,Disagree,Agree,Neutral,Neutral,Agree,Disagree,Strongly agree,Agree,Disagree,Neutral,Agree,Agree,Disagree,Strongly Disagree,0,0,0.0,1.0,0,0,0,0,0,0,0,0,1,0,0.0,0,2,2,1,1,1.0,1,1,1,1.0,3.0,4.0,4.0,4.0,4.0,4.0,3.0,4.0,4.0,4.0,4.0,2.0,2.0,2.0,2.0,1.0,1.0,1.0,1.0,2.0,2.0,2.0,4.0,4.0,4.0,4.0,3.0,3.0,4.0,3.0,3.0,3.0,3.0,3.0,2.0,2.0,4.0,3.0,3.0,2.0,2.0,5.0,2.0,2.0,3.0,4.0,2.0,4.0,5.0,1.0,1.0,1.2222222222222223,3.75,3.75,4.0,2.0,1.0,2.0,4.0,3.142857142857143,3.0,Minimal,No,Minimal,No,Missing in source,1.0,0,,1.0,0,,1.2222222222222223,0,,3.75,0,,3.75,0,,4.0,0,,2.0,0,,1.0,0,,2.0,0,,4.0,0,,3.142857142857143,0,,3.0,0,
2026-04-21 20:32:51,28,Male,General Surgery,Nursing Officer,Several days,Several days,Several days,More than half the days,Several days,Not at all,Not at all,Not at all,Not at all,Several days,Not at all,Not at all,Several days,Not at all,Not at all,Not at all,Agree,Strongly Agree,Neutral,Agree,Neutral,Neutral,Disagree,Neutral,Strongly Disagree,Agree,Strongly Agree,Strongly Disagree,Disagree,Strongly Agree,Agree,Disagree,Strongly Agree,Strongly Agree,Strongly Agree,Strongly Disagree,Disagree,Disagree,Agree,Disagree,Strongly Disagree,Strongly Disagree,Strongly Disagree,Strongly Disagree,Disagree,Disagree,Disagree,Strongly Agree,Strongly Agree,Agree,Strongly Agree,Desired,Desired,Desired,Neutral,Neutral,Not desired,Not desired,Agree,Neutral,Neutral,Agree,Neutral,Disagree,Agree,Disagree,Strongly agree,Agree,Neutral,Disagree,Agree,Agree,Disagree,Strongly Disagree,1,1,1.0,2.0,1,0,0,0,0,1,0,0,1,0,0.0,0,4,5,3,4,3.0,3,2,3,1.0,2.0,5.0,5.0,4.0,5.0,4.0,4.0,5.0,5.0,5.0,5.0,2.0,2.0,4.0,2.0,1.0,1.0,1.0,1.0,2.0,2.0,2.0,5.0,5.0,4.0,5.0,4.0,4.0,4.0,3.0,3.0,2.0,2.0,2.0,3.0,3.0,4.0,3.0,2.0,2.0,2.0,5.0,2.0,3.0,4.0,4.0,2.0,4.0,5.0,6.0,2.0,3.111111111111111,4.0,4.5,5.0,2.5,1.0,2.0,4.75,3.142857142857143,3.125,Mild,No,Minimal,No,,6.0,0,,2.0,0,,3.111111111111111,0,,4.0,0,,4.5,0,,5.0,0,,2.5,0,,1.0,0,,2.0,0,,4.75,0,,3.142857142857143,0,,3.125,0,
2026-04-21 20:39:41,34,Male,General Surgery,Nurse,Not at all,Not at all,Several days,Several days,Several days,Not at all,Several days,Not at all,Not at all,Not at all,Not at all,Not at all,Not at all,Not at all,Not at all,Not at all,Agree,Agree,Disagree,Agree,Strongly Disagree,Neutral,Strongly Disagree,Disagree,Strongly Disagree,Agree,Strongly Agree,Strongly Agree,Disagree,Agree,Agree,Disagree,Agree,Strongly Agree,Agree,Disagree,Disagree,Disagree,Agree,Disagree,Strongly Disagree,Strongly Disagree,Strongly Disagree,Strongly Disagree,Strongly Disagree,Disagree,Disagree,Agree,Strongly Agree,Strongly Agree,Strongly Agree,Desired,Desired,Desired,Not desired,Desired,Neutral,Neutral,Agree,Agree,Agree,Agree,Agree,Strongly agree,Strongly agree,Disagree,Agree,Agree,Disagree,Agree,Agree,Agree,Neutral,Strongly Disagree,0,0,1.0,1.0,1,0,1,0,0,0,0,0,0,0,0.0,0,4,4,2,4,1.0,3,1,2,1.0,2.0,5.0,1.0,4.0,4.0,4.0,4.0,4.0,5.0,4.0,4.0,2.0,2.0,4.0,2.0,1.0,1.0,1.0,1.0,1.0,2.0,2.0,4.0,5.0,5.0,5.0,4.0,4.0,4.0,2.0,4.0,3.0,3.0,2.0,4.0,4.0,4.0,2.0,5.0,1.0,2.0,4.0,2.0,2.0,2.0,4.0,2.0,3.0,5.0,4.0,0.0,2.4444444444444446,3.0,4.0,4.333333333333333,2.5,1.0,1.6666666666666667,4.75,3.4285714285714284,3.0,Minimal,No,Minimal,No,,4.0,0,,0.0,0,,2.4444444444444446,0,,3.0,0,,4.0,0,,4.333333333333333,0,,2.5,0,,1.0,0,,1.6666666666666667,0,,4.75,0,,3.4285714285714284,0,,3.0,0,
2026-04-21 20:44:49,29,Female,General Medicine,Nurse,More than half the days,More than half the days,More than half the days,Nearly everyday,Several days,Several days,Several days,Not at all,Not at all,Several days,Several days,Several days,Nearly everyday,Several days,Several days,Not at all,Strongly Agree,Strongly Agree,Agree,Strongly Agree,Agree,Agree,Agree,Agree,Disagree,Strongly Agree,Strongly Agree,Strongly Disagree,Strongly Disagree,Strongly Agree,Strongly Agree,Disagree,Strongly Agree,Strongly Agree,Strongly Agree,Strongly Disagree,Agree,Agree,Strongly Agree,Strongly Agree,Agree,Agree,Disagree,Strongly Disagree,Agree,Strongly Agree,Agree,Strongly Agree,Strongly Agree,Strongly Agree,Strongly Agree,Desired,Desired,Desired,Strongly Desired,Strongly Desired,Desired,Desired,Strongly agree,Disagree,Disagree,Agree,Agree,Strongly Disagree,Strongly agree,Disagree,Disagree,Agree,Disagree,Strongly agree,Strongly agree,Agree,Disagree,Strongly Disagree,2,2,2.0,3.0,1,1,1,0,0,1,1,1,3,1,1.0,0,5,5,4,5,4.0,4,4,4,2.0,1.0,5.0,5.0,5.0,5.0,5.0,4.0,5.0,5.0,5.0,5.0,4.0,4.0,5.0,5.0,4.0,4.0,2.0,1.0,4.0,5.0,4.0,5.0,5.0,5.0,5.0,4.0,4.0,4.0,5.0,5.0,4.0,4.0,1.0,2.0,2.0,4.0,2.0,1.0,1.0,2.0,2.0,2.0,2.0,1.0,5.0,2.0,4.0,5.0,12.0,8.0,4.111111111111111,4.0,4.75,5.0,4.5,2.75,4.333333333333333,5.0,4.285714285714286,2.375,Moderate,Yes,Mild,No,,12.0,0,,8.0,0,,4.111111111111111,0,,4.0,0,,4.75,0,,5.0,0,,4.5,0,,2.75,0,,4.333333333333333,0,,5.0,0,,4.285714285714286,0,,2.375,0,
2026-04-23 10:44:24,35,Male,General Surgery,Senior resident,Not at all,Not at all,Not at all,Several days,Not at all,Not at all,Not at all,Not at all,Not at all,Not at all,Not at all,Not at all,Several days,Not at all,Not at all,Not at all,Disagree,Agree,Disagree,Agree,Disagree,Disagree,Disagree,Disagree,Disagree,Disagree,Agree,Disagree,Disagree,Agree,Agree,Disagree,Agree,Disagree,Disagree,Neutral,Agree,Neutral,Disagree,Disagree,Disagree,Disagree,Disagree,Disagree,Disagree,Neutral,Disagree,Agree,Agree,Agree,Agree,Desired,Not desired,Desired,Desired,Desired,Not desired,Desired,Strongly agree,Strongly agree,Strongly Disagree,Neutral,Agree,Strongly Disagree,Agree,Agree,Disagree,Disagree,Agree,Disagree,Agree,Agree,Neutral,Agree,0,0,0.0,1.0,0,0,0,0,0,0,0,0,1,0,0.0,0,2,4,2,4,2.0,2,2,2,2.0,4.0,4.0,4.0,4.0,4.0,4.0,4.0,4.0,2.0,2.0,3.0,4.0,3.0,2.0,2.0,2.0,2.0,2.0,2.0,2.0,3.0,2.0,4.0,4.0,4.0,4.0,4.0,2.0,4.0,4.0,4.0,2.0,4.0,1.0,5.0,1.0,3.0,2.0,1.0,2.0,4.0,2.0,4.0,4.0,4.0,4.0,2.0,3.0,2.0,1.0,1.0,2.4444444444444446,4.0,4.0,2.3333333333333335,2.75,2.0,2.3333333333333335,4.0,3.4285714285714284,2.75,Minimal,No,Minimal,No,,1.0,0,,1.0,0,,2.4444444444444446,0,,4.0,0,,4.0,0,,2.3333333333333335,0,,2.75,0,,2.0,0,,2.3333333333333335,0,,4.0,0,,3.4285714285714284,0,,2.75,0,
2026-04-23 10:49:41,43,Male,General Medicine,Assistant professor,Not at all,Not at all,Not at all,Several days,Not at all,Not at all,Not at all,Not at all,Not at all,Not at all,Not at all,Not at all,Not at all,Not at all,Not at all,Not at all,Disagree,Agree,Disagree,Neutral,Agree,Disagree,Disagree,Disagree,Disagree,Disagree,Agree,Disagree,Disagree,Agree,Agree,Disagree,Agree,Disagree,Disagree,Agree,Neutral,Disagree,Disagree,Disagree,Disagree,Disagree,Disagree,Disagree,Disagree,Disagree,Disagree,Agree,Agree,Agree,Agree,Desired,Desired,Desired,Not desired,Desired,Not desired,Not desired,Strongly agree,Disagree,Disagree,Agree,Agree,Disagree,Strongly agree,Disagree,Disagree,Agree,Disagree,Agree,Neutral,Agree,Agree,Agree,0,0,0.0,1.0,0,0,0,0,0,0,0,0,0,0,0.0,0,2,4,2,3,4.0,2,2,2,2.0,4.0,4.0,4.0,4.0,4.0,4.0,4.0,4.0,2.0,2.0,2.0,3.0,2.0,2.0,2.0,2.0,2.0,2.0,2.0,2.0,2.0,2.0,4.0,4.0,4.0,4.0,4.0,4.0,4.0,2.0,4.0,2.0,2.0,1.0,2.0,2.0,4.0,2.0,2.0,1.0,2.0,2.0,2.0,2.0,2.0,3.0,2.0,2.0,2.0,1.0,0.0,2.5555555555555554,4.0,4.0,2.0,2.25,2.0,2.0,4.0,3.142857142857143,2.0625,Minimal,No,Minimal,No,,1.0,0,,0.0,0,,2.5555555555555554,0,,4.0,0,,4.0,0,,2.0,0,,2.25,0,,2.0,0,,2.0,0,,4.0,0,,3.142857142857143,0,,2.0625,0,
2026-04-23 10:57:16,38,Female,General Medicine,Assistant professor,Not at all,Not at all,Not at all,Several days,Not at all,Not at all,Not at all,Not at all,Not at all,Not at all,Not at all,Not at all,Several days,Not at all,Not at all,Not at all,Disagree,Disagree,Disagree,Agree,Disagree,Disagree,Disagree,Disagree,Disagree,Disagree,Agree,Disagree,Disagree,Agree,Agree,Disagree,Agree,Neutral,Neutral,Neutral,Disagree,Disagree,Disagree,Disagree,Disagree,Neutral,Disagree,Disagree,Disagree,Disagree,Disagree,Agree,Agree,Agree,Agree,Not desired,Not desired,Desired,Not desired,Not desired,Not desired,Desired,Agree,Agree,Disagree,Agree,Agree,Disagree,Agree,Neutral,Neutral,Neutral,Agree,Disagree,Disagree,Agree,Neutral,Agree,0,0,0.0,1.0,0,0,0,0,0,0,0,0,1,0,0.0,0,2,2,2,4,2.0,2,2,2,2.0,4.0,4.0,4.0,4.0,4.0,4.0,4.0,4.0,3.0,3.0,3.0,2.0,2.0,2.0,2.0,2.0,3.0,2.0,2.0,2.0,2.0,2.0,4.0,4.0,4.0,4.0,2.0,2.0,4.0,2.0,2.0,2.0,4.0,2.0,4.0,2.0,4.0,2.0,2.0,2.0,3.0,3.0,3.0,4.0,4.0,2.0,2.0,3.0,2.0,1.0,1.0,2.2222222222222223,4.0,4.0,3.0,2.0,2.25,2.0,4.0,2.5714285714285716,2.75,Minimal,No,Minimal,No,,1.0,0,,1.0,0,,2.2222222222222223,0,,4.0,0,,4.0,0,,3.0,0,,2.0,0,,2.25,0,,2.0,0,,4.0,0,,2.5714285714285716,0,,2.75,0,
2026-04-23 10:58:35,28,Female,General Medicine,Post Graduate,Several days,Not at all,Not at all,Several days,Not at all,Not at all,Not at all,Not at all,Not at all,Several days,Not at all,Not at all,Not at all,Not at all,Not at all,Not at all,Agree,Agree,Neutral,Agree,Agree,Agree,Disagree,Disagree,Disagree,Disagree,Agree,Disagree,Disagree,Agree,Agree,Disagree,Agree,Disagree,Disagree,Agree,Disagree,Disagree,Disagree,Disagree,Disagree,Disagree,Disagree,Disagree,Disagree,Disagree,Neutral,Agree,Agree,Agree,Agree,Strongly Desired,Desired,Strongly Desired,Neutral,Desired,Not desired,Not desired,Agree,Agree,Neutral,Agree,Agree,Agree,Agree,Neutral,Neutral,Disagree,Neutral,Disagree,Agree,Agree,Neutral,Disagree,1,0,0.0,1.0,0,0,0,0,0,1,0,0,0,0,0.0,0,4,4,3,4,4.0,4,2,2,2.0,4.0,4.0,4.0,4.0,4.0,4.0,4.0,4.0,2.0,2.0,2.0,2.0,2.0,2.0,2.0,2.0,2.0,2.0,2.0,2.0,2.0,3.0,4.0,4.0,4.0,4.0,5.0,4.0,5.0,3.0,4.0,2.0,2.0,2.0,4.0,3.0,4.0,2.0,4.0,2.0,3.0,3.0,4.0,3.0,4.0,4.0,2.0,3.0,4.0,2.0,1.0,3.2222222222222223,4.0,4.0,2.0,2.0,2.0,2.3333333333333335,4.0,3.5714285714285716,3.1875,Minimal,No,Minimal,No,,2.0,0,,1.0,0,,3.2222222222222223,0,,4.0,0,,4.0,0,,2.0,0,,2.0,0,,2.0,0,,2.3333333333333335,0,,4.0,0,,3.5714285714285716,0,,3.1875,0,
2026-04-23 11:13:06,36,Male,General medicine,Senior resident,Not at all,Not at all,Not at all,Several days,Not at all,Not at all,Not at all,Not at all,Not at all,Not at all,Not at all,Not at all,Not at all,Not at all,Not at all,Not at all,Agree,Agree,Neutral,Neutral,Agree,Disagree,Disagree,Disagree,Strongly Disagree,Strongly Disagree,Agree,Disagree,Neutral,Agree,Agree,Disagree,Neutral,Neutral,Neutral,Neutral,Neutral,Disagree,Disagree,Neutral,Disagree,Disagree,Disagree,Disagree,Disagree,Neutral,Disagree,Agree,Agree,Agree,Agree,Desired,Not desired,Desired,Desired,Not desired,Desired,Desired,Agree,Agree,Disagree,Agree,Neutral,Disagree,Agree,Disagree,Disagree,Neutral,Agree,Agree,Agree,Agree,Agree,Agree,0,0,0.0,1.0,0,0,0,0,0,0,0,0,0,0,0.0,0,4,4,3,3,4.0,2,2,2,1.0,5.0,4.0,4.0,3.0,4.0,4.0,4.0,3.0,3.0,3.0,3.0,3.0,2.0,2.0,3.0,2.0,2.0,2.0,2.0,2.0,3.0,2.0,4.0,4.0,4.0,4.0,4.0,2.0,4.0,4.0,2.0,4.0,4.0,2.0,4.0,2.0,4.0,3.0,2.0,2.0,2.0,2.0,3.0,4.0,2.0,4.0,2.0,2.0,2.0,1.0,0.0,2.7777777777777777,4.0,3.75,3.0,2.5,2.0,2.3333333333333335,4.0,3.4285714285714284,2.625,Minimal,No,Minimal,No,,1.0,0,,0.0,0,,2.7777777777777777,0,,4.0,0,,3.75,0,,3.0,0,,2.5,0,,2.0,0,,2.3333333333333335,0,,4.0,0,,3.4285714285714284,0,,2.625,0,
2026-04-24 17:29:40,27,Male,General Surgery,Post Graduate,Several days,Several days,Several days,More than half the days,More than half the days,Not at all,Several days,Not at all,Not at all,Several days,Not at all,Several days,Several days,Several days,Several days,Not at all,Agree,Strongly Agree,Neutral,Agree,Disagree,Strongly Disagree,Strongly Disagree,Strongly Disagree,Strongly Disagree,Strongly Disagree,Agree,Disagree,Disagree,Strongly Agree,Strongly Agree,Strongly Disagree,Strongly Agree,Strongly Agree,Strongly Disagree,Neutral,Disagree,Disagree,Strongly Disagree,Strongly Disagree,Strongly Disagree,Strongly Disagree,Strongly Disagree,Strongly Disagree,Strongly Disagree,Neutral,Strongly Disagree,Agree,Agree,Strongly Agree,Agree,Desired,Neutral,Desired,Desired,Strongly Desired,Strongly not desired,Strongly not desired,Neutral,Strongly agree,Disagree,Agree,Neutral,Disagree,Agree,Agree,Neutral,Disagree,Agree,Agree,Agree,Neutral,Disagree,Disagree,1,1,1.0,2.0,2,0,1,0,0,1,0,1,1,1,1.0,0,4,5,3,4,2.0,1,1,1,1.0,5.0,4.0,4.0,4.0,5.0,5.0,5.0,5.0,5.0,1.0,3.0,2.0,2.0,1.0,1.0,1.0,1.0,1.0,1.0,1.0,3.0,1.0,4.0,4.0,5.0,4.0,4.0,3.0,4.0,4.0,5.0,1.0,1.0,3.0,5.0,2.0,4.0,3.0,2.0,2.0,4.0,3.0,4.0,4.0,2.0,4.0,3.0,4.0,4.0,8.0,5.0,2.4444444444444446,4.25,5.0,3.0,1.5,1.0,1.6666666666666667,4.25,3.142857142857143,3.3125,Mild,No,Mild,No,,8.0,0,,5.0,0,,2.4444444444444446,0,,4.25,0,,5.0,0,,3.0,0,,1.5,0,,1.0,0,,1.6666666666666667,0,,4.25,0,,3.142857142857143,0,,3.3125,0,
2026-04-24 17:34:34,26,Male,General Surgery,Post Graduate,Not at all,Not at all,Several days,Not at all,Not at all,Not at all,Several days,Not at all,Not at all,Over the half days,Not at all,Several days,Several days,Not at all,Several days,Not at all,Agree,Agree,Neutral,Disagree,Disagree,Strongly Disagree,Strongly Disagree,Strongly Disagree,Strongly Disagree,Strongly Disagree,Agree,Strongly Disagree,Strongly Disagree,Agree,Agree,Disagree,Strongly Agree,Disagree,Disagree,Disagree,Disagree,Strongly Disagree,Strongly Disagree,Strongly Disagree,Strongly Disagree,Strongly Disagree,Strongly Disagree,Strongly Disagree,Strongly Disagree,Strongly Disagree,Strongly Disagree,Agree,Agree,Strongly Agree,Strongly Agree,Desired,Neutral,Strongly Desired,Neutral,Desired,Not desired,Not desired,Neutral,Agree,Disagree,Agree,Neutral,Neutral,Agree,Strongly Disagree,Neutral,Neutral,Agree,Strongly agree,Disagree,Agree,Neutral,Neutral,0,0,1.0,0.0,0,0,1,0,0,2,0,1,1,0,1.0,0,4,4,3,2,2.0,1,1,1,1.0,5.0,4.0,5.0,5.0,4.0,4.0,4.0,5.0,2.0,2.0,4.0,2.0,1.0,1.0,1.0,1.0,1.0,1.0,1.0,1.0,1.0,1.0,4.0,4.0,5.0,5.0,4.0,3.0,5.0,3.0,4.0,2.0,2.0,3.0,4.0,2.0,4.0,3.0,3.0,2.0,1.0,3.0,3.0,4.0,1.0,2.0,2.0,3.0,3.0,2.0,5.0,2.111111111111111,4.75,4.25,2.6666666666666665,1.25,1.0,1.0,4.5,3.2857142857142856,2.6875,Minimal,No,Mild,No,,2.0,0,,5.0,0,,2.111111111111111,0,,4.75,0,,4.25,0,,2.6666666666666665,0,,1.25,0,,1.0,0,,1.0,0,,4.5,0,,3.2857142857142856,0,,2.6875,0,
2026-04-24 21:51:01,28,Female,General Medicine,Post Graduate,Not at all,Not at all,Several days,Several days,Several days,Not at all,Not at all,Not at all,Not at all,Several days,Not at all,Not at all,Several days,Several days,Several days,Not at all,Agree,Agree,Disagree,Strongly Disagree,Strongly Disagree,Strongly Disagree,Strongly Disagree,Strongly Disagree,Neutral,Disagree,Agree,Disagree,Strongly Disagree,Strongly Agree,Neutral,Disagree,Strongly Agree,Disagree,Strongly Disagree,Disagree,Disagree,Strongly Disagree,Strongly Disagree,Strongly Disagree,Strongly Disagree,Strongly Disagree,Strongly Disagree,Strongly Disagree,Strongly Disagree,Disagree,Disagree,Agree,Strongly Agree,Strongly Agree,Agree,Desired,Desired,Strongly Desired,Desired,Desired,Not desired,Strongly not desired,Agree,Agree,Disagree,Agree,Neutral,Disagree,Strongly agree,Agree,Disagree,Disagree,Disagree,Agree,Agree,Agree,Neutral,Agree,0,0,1.0,1.0,1,0,0,0,0,1,0,0,1,1,1.0,0,4,4,2,1,1.0,1,1,1,3.0,4.0,4.0,4.0,5.0,5.0,3.0,4.0,5.0,2.0,1.0,4.0,2.0,1.0,1.0,1.0,1.0,1.0,1.0,1.0,1.0,2.0,2.0,4.0,5.0,5.0,4.0,4.0,4.0,5.0,4.0,4.0,2.0,1.0,2.0,4.0,2.0,4.0,3.0,2.0,1.0,4.0,2.0,4.0,2.0,2.0,4.0,2.0,3.0,2.0,3.0,4.0,2.0,4.25,4.25,2.3333333333333335,1.25,1.0,1.6666666666666667,4.5,3.4285714285714284,2.6875,Minimal,No,Minimal,No,,3.0,0,,4.0,0,,2.0,0,,4.25,0,,4.25,0,,2.3333333333333335,0,,1.25,0,,1.0,0,,1.6666666666666667,0,,4.5,0,,3.4285714285714284,0,,2.6875,0,
2026-04-24 21:51:01,26,Female,General Surgery,Post Graduate,Several days,Not at all,Not at all,Not at all,Not at all,Not at all,Not at all,Not at all,Not at all,Several days,Not at all,Not at all,Over the half days,Several days,Over the half days,Not at all,Neutral,Disagree,Disagree,Strongly Disagree,Strongly Disagree,Strongly Disagree,Strongly Disagree,Strongly Disagree,Disagree,Disagree,Agree,Strongly Disagree,Strongly Disagree,Strongly Agree,Agree,Disagree,Strongly Agree,Disagree,Strongly Disagree,Disagree,Disagree,Strongly Disagree,Strongly Disagree,Strongly Disagree,Strongly Disagree,Strongly Disagree,Strongly Disagree,Strongly Disagree,Strongly Disagree,Disagree,Strongly Disagree,Agree,Strongly Agree,Strongly Agree,Strongly Agree,Desired,Neutral,Strongly Desired,Desired,Neutral,Not desired,Strongly not desired,Agree,Agree,Disagree,Strongly agree,Agree,Disagree,Strongly agree,Neutral,Disagree,Disagree,Neutral,Neutral,Agree,Agree,Neutral,Agree,1,0,0.0,0.0,0,0,0,0,0,1,0,0,2,1,2.0,0,3,2,2,1,1.0,1,1,1,2.0,4.0,4.0,5.0,5.0,5.0,4.0,4.0,5.0,2.0,1.0,4.0,2.0,1.0,1.0,1.0,1.0,1.0,1.0,1.0,1.0,2.0,1.0,4.0,5.0,5.0,5.0,4.0,3.0,5.0,4.0,3.0,2.0,1.0,2.0,4.0,2.0,5.0,2.0,2.0,1.0,3.0,2.0,4.0,3.0,3.0,4.0,2.0,3.0,2.0,1.0,6.0,1.5555555555555556,4.5,4.5,2.3333333333333335,1.25,1.0,1.3333333333333333,4.75,3.142857142857143,2.75,Minimal,No,Mild,No,,1.0,0,,6.0,0,,1.5555555555555556,0,,4.5,0,,4.5,0,,2.3333333333333335,0,,1.25,0,,1.0,0,,1.3333333333333333,0,,4.75,0,,3.142857142857143,0,,2.75,0,
2026-04-24 21:58:27,27,Female,General Medicine,Post Graduate,Not at all,Not at all,More than half the days,Several days,Not at all,Not at all,Not at all,Not at all,Not at all,Not at all,Not at all,Several days,Several days,Over the half days,Several days,Not at all,Agree,Agree,Strongly Disagree,Disagree,Strongly Disagree,Strongly Disagree,Strongly Disagree,Disagree,Strongly Disagree,Disagree,Agree,Disagree,Strongly Disagree,Strongly Agree,Agree,Disagree,Agree,Disagree,Disagree,Disagree,Strongly Disagree,Strongly Disagree,Strongly Disagree,Strongly Disagree,Strongly Disagree,Strongly Disagree,Strongly Disagree,Disagree,Disagree,Strongly Disagree,Strongly Disagree,Agree,Agree,Agree,Agree,Desired,Neutral,Desired,Strongly Desired,Desired,Not desired,Strongly not desired,Agree,Strongly agree,Disagree,Strongly agree,Agree,Disagree,Agree,Neutral,Strongly Disagree,Disagree,Disagree,Agree,Agree,Agree,Neutral,Disagree,0,0,2.0,1.0,0,0,0,0,0,0,0,1,1,2,1.0,0,4,4,1,2,1.0,1,1,2,1.0,4.0,4.0,4.0,5.0,5.0,4.0,4.0,4.0,2.0,2.0,4.0,1.0,1.0,1.0,1.0,1.0,1.0,1.0,2.0,2.0,1.0,1.0,4.0,4.0,4.0,4.0,4.0,3.0,4.0,5.0,4.0,2.0,1.0,2.0,5.0,2.0,5.0,2.0,2.0,2.0,3.0,1.0,4.0,2.0,2.0,4.0,2.0,3.0,4.0,3.0,5.0,1.8888888888888888,4.25,4.25,2.6666666666666665,1.0,1.25,1.3333333333333333,4.0,3.2857142857142856,2.8125,Minimal,No,Mild,No,,3.0,0,,5.0,0,,1.8888888888888888,0,,4.25,0,,4.25,0,,2.6666666666666665,0,,1.0,0,,1.25,0,,1.3333333333333333,0,,4.0,0,,3.2857142857142856,0,,2.8125,0,
2026-04-24 21:58:28,26,Male,General Surgery,Post Graduate,Several days,Not at all,Several days,Several days,Not at all,Not at all,Several days,Not at all,Not at all,Several days,Not at all,Not at all,Several days,Several days,Several days,Not at all,Neutral,Agree,Strongly Disagree,Disagree,Strongly Disagree,Strongly Disagree,Strongly Disagree,Disagree,Strongly Disagree,Disagree,Agree,Disagree,Strongly Disagree,Strongly Agree,Agree,Disagree,Agree,Disagree,Disagree,Disagree,Disagree,Disagree,Strongly Disagree,Strongly Disagree,Strongly Disagree,Strongly Disagree,Strongly Disagree,Disagree,Strongly Disagree,Strongly Disagree,Strongly Disagree,Agree,Agree,Agree,Agree,Desired,Neutral,Desired,Desired,Neutral,Not desired,Strongly not desired,Agree,Strongly agree,Disagree,Strongly agree,Agree,Disagree,Agree,Neutral,Disagree,Disagree,Disagree,Agree,Agree,Agree,Neutral,Disagree,1,0,1.0,1.0,0,0,1,0,0,1,0,0,1,1,1.0,0,3,4,1,2,1.0,1,1,2,1.0,4.0,4.0,4.0,5.0,5.0,4.0,4.0,4.0,2.0,2.0,4.0,2.0,2.0,1.0,1.0,1.0,1.0,1.0,2.0,1.0,1.0,1.0,4.0,4.0,4.0,4.0,4.0,3.0,4.0,4.0,3.0,2.0,1.0,2.0,5.0,2.0,5.0,2.0,2.0,2.0,3.0,2.0,4.0,2.0,2.0,4.0,2.0,3.0,4.0,4.0,4.0,1.7777777777777777,4.25,4.25,2.6666666666666665,1.5,1.25,1.0,4.0,3.0,2.875,Minimal,No,Minimal,No,,4.0,0,,4.0,0,,1.7777777777777777,0,,4.25,0,,4.25,0,,2.6666666666666665,0,,1.5,0,,1.25,0,,1.0,0,,4.0,0,,3.0,0,,2.875,0,
2026-04-25 09:42:40,27,Female,General Medicine,Post Graduate,Several days,Several days,Several days,More than half the days,Not at all,Not at all,Not at all,Not at all,Several days,Over the half days,Several days,Several days,Several days,Over the half days,Several days,Several days,Neutral,Agree,Agree,Agree,Strongly Agree,Agree,Neutral,Disagree,Neutral,Agree,Neutral,Disagree,Disagree,Neutral,Neutral,Neutral,Neutral,Agree,Agree,Disagree,Neutral,Disagree,Neutral,Neutral,Neutral,Disagree,Strongly Disagree,Strongly Disagree,Neutral,Disagree,Neutral,Agree,Agree,Neutral,Neutral,Neutral,Neutral,Desired,Desired,Desired,Desired,Neutral,Agree,Agree,Disagree,Neutral,Agree,Neutral,Agree,Neutral,Disagree,Neutral,Neutral,Agree,Neutral,Agree,Agree,Agree,1,1,1.0,2.0,0,0,0,0,1,2,1,1,1,2,1.0,1,3,4,4,4,5.0,4,3,2,3.0,2.0,3.0,4.0,4.0,3.0,3.0,3.0,3.0,4.0,4.0,4.0,3.0,2.0,3.0,3.0,3.0,2.0,1.0,1.0,3.0,2.0,3.0,4.0,4.0,3.0,3.0,3.0,3.0,4.0,4.0,4.0,4.0,3.0,2.0,4.0,2.0,3.0,2.0,3.0,2.0,3.0,2.0,3.0,3.0,2.0,3.0,2.0,2.0,2.0,6.0,9.0,3.5555555555555554,3.25,3.0,4.0,2.75,1.75,2.6666666666666665,3.5,3.5714285714285716,2.5,Mild,No,Mild,No,,6.0,0,,9.0,0,,3.5555555555555554,0,,3.25,0,,3.0,0,,4.0,0,,2.75,0,,1.75,0,,2.6666666666666665,0,,3.5,0,,3.5714285714285716,0,,2.5,0,
